Used Theory,Total Unique Positives,Total Unique Negatives,Default Accuracy,# Clauses,Mean # LitralsT+,T-,Similarity of T+,Similarity of T-,Similarity of T_MF,Similarity of T_Comp,Similarity - Common,Overlap Size,MF Theory,Comp Theory,Compression of T+,Compression of T-,# Sampled Positives,# Sampled Negatives,# Unique Sampled Positives,# Unique Sampled Negatives
"[[7, -1, -5, 9, -8, -14, -12, -4, 3, -10, -2, -6, 13], [6, -7], [9, -8, -13, 14], [-14, 7, -12, 11, -1, 8, -6, -2, -9, 3, 10, 4], [-9, -6], [-10, 9, -14, 5, 8, -2, 7, 3, 11, 13, -12, -1, -4], [-9, 5, -14, -4, 11, -7, 13, 10, -12, 3, -1, 2], [14, -12, -4]]",6588,9796,0.597900390625,8,7.625,"[[-12, -4, 14], [-8, 9, -13, 14], [-7, 6], [-6, -9]]","[[1, 2, 5, 6, 7, 8, 10, 13, -12, -9, -4, -3], [8, 1, -13, 9], [-14, 3, 4, 13], [10, 11, 14, -3, -1], [10, 11, 12, -13, -4, -2], [1, 6, 12, 13, -5, -3], [4, 6, -12, -11, -10, -3], [3, 4, 6, 7, 9, -11], [1, 5, 8, 10, 11, -14], [10, 13, -12, -11, -5, -3], [2, 3, 9, -10, -8], [2, 3, 10, 12, -6], [-14, 3, 13, -2], [5, 8, -7, -6, -3, -1], [4, 5, 8, 10, -1, -9, -7, -2], [9, -14, -13, -12], [5, 10, -14, -13, -11, -8, -7, -3, -2], [9, -6, 13], [-14, -9, 4, -10, 7, -3], [3, 6, -13, -9, -8, -5, -4, -2], [9, 12, -1], [-13, -1, -5, -8, -7, 11, 14], [7, -2, -10], [1, 2, 5, 11, -13, -10, -9, -6, -3], [-8, 6, 7]]",0.999755859375,0.32989501953125,0.999755859375,0.999755859375,1.0,0.32965087890625,T+,T+,0.9966042826807257,0.8012987911223123,200,250,200,249
"[[-2], [14, -10, -2, 7, -12, 6, -13, -1, -5, -11], [-4, 2]]",4096,12288,0.75,3,4.333333333333333,"[[-4], [-2]]","[[2, 8, 11, 12, -14, -13, -10, -7, -5, -3, -1], [1, 2, 7, 9, -14, -13, -12, -11, -10, -8, -6, -5, -3], [3, 5, 6, 9, -14, -12, -11, -10, -8, -7, -1], [2, 8, 9, 14, -11, -7, -5, -3, -1], [1, 2, 8, 11, -13, -12], [8, 9, 4, -10], [4, 7, 13, -10, -8], [2, 6, 9, 13, -14, -3], [4, 6, 8, -10, -9, -7, -3, -1], [2, 7, 8, 10, 11, -6], [2, 7, 13, -12, -11, -9], [5, 12, 13, -11, -8, -6], [2, 3, 6, -14, -10, -9, -7, -5], [1, 3, 4, 12, 14, -13, -11, -5], [4, 5, -13, -8, -7, -6, -3], [10, 11, 13, -12, -8, -7, -5], [2, 4]]",1.0,0.104736328125,1.0,1.0,1.0,0.104736328125,T+,T+,0.9914573956788795,0.9306093055806025,130,320,130,320
"[[9], [-2, 12, -7, -4, 5, 6, -8, 13, -10, -14], [-8], [14, 9, -5, -11, 6, -7, 12, -2, -8, -1]]",4096,12288,0.75,4,5.5,"[[-8], [9]]","[[1, 4, 7, 11, -14, -13, -12, -6, -5, -3, -2], [2, 5, 7, 12, -14, -13, -11, -10, -4, -3, -1], [-7, -14, -1, -9], [8, 14, -10, -6, -5], [5, 13, -12, -10, -9, -2], [8, -7, -13, -3], [3, 4, 6, 7, 13, -14, -2], [7, 8, 12, 13, -5, -3, -2], [2, -5, 7, -9], [4, 6, -13, -11, -7], [1, 2, 8, 14, -12, -10, -3], [1, -13, 6, -9], [2, 14, -12, -9, -1], [8, -9]]",1.0,0.178466796875,1.0,1.0,1.0,0.178466796875,T+,T+,0.9961146055597443,0.9191733345370097,130,320,130,320
"[[-5, 7, -12, -13, 2, 1, -4, 6, -3, 10, 14, 9], [-8, -9, 14], [8], [1, -13, 7, 4, -9, 2, -3, -14]]",6110,10274,0.6270751953125,4,6,"[[14, -9], [8]]","[[3, 5, 6, 9, 11, -14, -13, -12, -4, -1], [1, 3, 6, 7, 9, 10, 13, -14, -12, -11, -5, -4], [9, -5, -3, -10], [-11, 2, -14, 5], [11, -14, -12, -4, -2], [4, 12, -11, -6, -5], [3, 11, 12, 13, -5], [2, 4, 5, 13, -12, -3], [5, 14, -10, -7, -4, -3], [-8, -12, -4, -10], [9, 10, -13, -7, -1], [3, 4, 7, 9, 11, 14, -10, -1], [1, 3, 4, 7, 13, -8, -6], [1, -8, -7, -6, -5, -4, -2], [4, 5, 7, 13, -9, -3], [1, 4, 9, 12, -13, -7], [6, 11, 14, -8, -1], [3, 4, 7, 8, -13, -12, -11, -10, -6, -2], [-8, -14, -9], [-8, 9]]",0.9979248046875,0.19476318359375,0.9979248046875,0.9979248046875,1.0,0.19268798828125,T+,T+,0.9890942295033682,0.8933965034929119,183,267,183,267
"[[-2, 10, -11, 4], [11, -2, -1, 5, -8, 13, 14], [-4]]",7104,9280,0.56640625,3,4,"[[9, 10, 3, -2], [10, -11, -2], [-4]]","[[2, 3, 5, 6, 7, 9, -12, -8, -1], [10, 11, 4], [-13, 4, 6], [14, -10, -7, -6, -3], [2, 5, 7, 9, -13, -12, -11], [9, 4, -2, -1], [5, 8, 12, 13, -9], [1, 3, 7, 13, -12], [9, 13, 2, -3], [4, 8, -13, -11, -6], [7, 12, -14, -9, -6, -1], [14, -13, -11, -8, -3, -1], [2, 5, 7, 13, 14], [1, 3, 5, 9, 10, -7, 14], [7, -8, 11, 12, -2], [3, 6, 9, 10, 14, -12, -5, -2], [-14, 8, -7, 11, 13], [5, 8, 11, 14, -1, -9, -6, -2], [3, -12, -10, -5], [2, 4], [4, -10]]",0.9814453125,0.20379638671875,0.9814453125,0.9814453125,0.9297649391107335,0.21551513671875,T+,T+,0.990553956552572,0.8990127152069229,218,232,217,232
"[[-10, 1, -12, 14, -8, 11], [-5, -6, 13], [1, 14, 5, 3, 11, -12, 6, 4, 9, 2], [9, -8], [-6, -2, 8, -13, 12, 7, 1, 3, -9, 11, -5, -14, -4], [-7, 2, -6, 4], [-2, 14, 12, 1, -9, -8]]",9836,6548,0.600341796875,7,6.285714285714286,"[[-6, -5, 13], [1, 3, 5, 12, 13, -8, -4, -2], [1, 4, 6, 7, 14, -9, -8, -2], [-7, 2, -6, 4], [-8, 9]]","[[2, 4, 7, 13, -14, -11, -10, -8, -1], [-8, 6, -9], [8, -6, 10, 7], [1, -6, -4, 5], [-6, -1, -9], [-13, -3, -10], [1, 4, -11, -7, -2], [2, 3, 5, 7], [2, 13, -3, 14], [7, -10, -2, -3, -1], [1, 7, -14, -13, -5], [11, -5, -1, 14], [1, -4, 13, -9], [1, 10, -12, -7], [12, -14, -11, -7, -1], [1, 4, 6, 11, 13, 14], [6, -12, -11, -7, -2], [1, 5, 7, 9, 12, 14, -11, -6], [10, 3, 13, -1], [8, 9, 5, -7], [1, 2, 3, 11, 12, 14, -13, -8], [8, 6]]",0.980224609375,0.28009033203125,0.28009033203125,0.980224609375,0.978675645342312,0.27191162109375,T-,T+,0.9911429352170908,0.8170604582641678,292,158,292,158
"[[3, 2, -4, -8, 7, -6, 14, 1, 5, -12], [9, -10, -4, -1], [9], [10, -13, 3, -7, -14], [2]]",3968,12416,0.7578125,5,4.2,"[[10, -7, -14, 3], [2], [9]]","[[4, 6, 7, 14, -12, -11, -10, -8, -1], [6, 11, 13, -12, -9, -8, -7, -5, -4, -3, -1], [1, 3, 7, 10, 13, 14, -12, -6, -5, -2], [8, 10, 12, 14, -13, -11, -2, -7, -5, -4, -1], [4, 8, 11, 13, -10, -7, -6, -5], [5, 6, 12, -10, -2], [10, -9, -3, 7], [-13, -6, 11, -9], [1, 5, -12, -8, -3], [3, 4, 7, -10, -8, -6], [3, 13, -11, -9, -7, -6, -5], [3, -14, -13, -11, -8, -6, -1], [5, 8, -14, -10, -4, -3, -1], [8, -14, -12, -11, -5, -2], [3, 6, 14, -12, -4], [1, 4, 11, -14, -12, -10, -7, -2], [1, 4, -14, -13, -8, -6, -5], [1, 5, 6, 11, 12, 13, -3], [1, 3, 5, 10, 11, -13, -4], [3, 4, 5, 7, 10, -11], [-2, -9]]",0.9921875,0.1898193359375,0.9921875,0.9921875,0.9604694255713403,0.1976318359375,T+,T+,0.9859927273514819,0.8981156795938207,150,300,150,300
"[[-1, -13, 8, 6, 3], [9, -1, 10, -2, -14, -11, -7, 8, -12]]",15844,540,0.967041015625,2,7,"[[4, 5, 8, 9, 10, -14, -12, -11, -2, -7, -6, -3, -1], [3, 6, 8, -13, -1]]","[[-13, 9, -6, 12, -2], [-5, -13], [13], [-3], [4], [-14], [-9], [1]]",0.9984130859375,0.035888671875,0.035888671875,0.9984130859375,1.0,0.0343017578125,T-,T+,0.9961510554555694,0.9858042845825754,443,7,442,7
"[[-1, 12, 3, 5, -9, 11, -6, 14, -4, 13, 10], [12, 2, -11, 3, -6, 7, 1, -5, -4, 10]]",16360,24,0.99853515625,2,10.5,None,None,nan,nan,nan,nan,nan,nan,nan,nan,nan,nan,450,0,450,0
"[[-1, -10], [-11, 2, 14, -10, -5, -3], [-9, 13], [-8, 6, 4, 14, -13, -2, -1], [-2, 13, 11, 9], [10, 7, -2, -12, 13, 11, 9], [12, 5, 2, 6, -14, -10], [10, 3], [12, 2, -14, 1, 5, 6, 11, -10, 13, -9, -7]]",5408,10976,0.669921875,9,5.222222222222222,"[[11, 13, -2], [2, 4, 6, 8, 13, -10, -3], [4, -12, -1, -3, -2], [10, 3], [13, -9], [-10, -1]]","[[7, 8, 11, 14, -2, -9, -6, -5, -4, -3, -1], [2, 3, 6, 7, 8, 13, 14, -12, -11, -5, -4], [4, 5, 6, 10, -14, -12, -11, -2, -9, -8, -7, -1], [1, -13, -10], [8, 1, 14], [2, 4, -11, -10, -8], [-11, -9, -6, -3, -2], [1, -11, -8, -4, -2], [6, 8, 11, -10, -5], [4, 5, 8, -13, -9, -3], [10, -14, -13, -7, -5], [5, 8, 10, 14, -13, -1], [2, 6, 9, 12, 14, -1], [4, 5, 9, 12, -7], [3, 5, 8, 9, -12, -11, -10, -4], [1, 2, -13, -9, -4], [1, 7, 11, 12, -9], [9, 2, -5, 13], [10, -3], [2, 8, 10, 11, 12, -13, -6, -5, -1], [9, -14, 1]]",0.9775390625,0.3228759765625,0.9775390625,0.9775390625,0.9680486877139597,0.3209228515625,T+,T+,0.9737937885928099,0.8153490662100085,199,251,199,251
"[[-10, 2, 13], [3, 13, -4], [-6, 7, -11, 1, 3], [12, -3, -10, -7, 5, 6, -2], [-8, -4, 6, -5, -14, -2], [-7, 3, 14, -12, 13, 4, 8, -10], [8, 1, -4, -5, 2, -11, 3, 12, -6, 7]]",12096,4288,0.73828125,7,6,"[[1, 2, 3, 4, 7, 10, -11, -9, -8, -6, -5], [1, 4, 5, 6, 11, 12, 14, -13, -10, -9, -8, -7, -3, -2], [2, 13, -10], [1, 7, 9, -14, -13, -12, -11, -8, -2], [3, 5, 11, 13, -12, -2], [10, 11, 13, -14, -7, -5, -4, -1], [3, -4, 13]]","[[2, 3, 5, 6, 8, 9, 12, 14, -4], [-7, 10, 5], [8, 11, -5], [-12, 4, 13], [-8, -7, 2], [-8, 1, 4, -3], [10, -4, -3], [3, 11, 12, -9], [-8, 11, -2, 6], [10, 4, -11, 7], [9, -14, -10], [8, 9, -6, -7], [-7, 12, 13, -1], [-12, 7], [-10, -2], [-13]]",0.94879150390625,0.2327880859375,0.2327880859375,0.94879150390625,0.9492600422832981,0.20208740234375,T-,T+,0.9836227904053589,0.8534483816605023,373,77,372,77
"[[-10, -12, 7, -8, 2, 5, -6, 3, -11], [2, 7, -5], [-9, -2, -7, 11], [6, 10, -11, 3, -12, -2, 9, 4], [6, -8, 11, 1, -13, 5, -3, 14, -4], [-12, 11, -7, 1, 6, 13, 2, 5, 9, -3, 14], [12, -3, 9, 6, -13, -4, 10, 14], [1, 7, -14, -4, -2, -3, 6, 12, -8, -10, -5, -9]]",13124,3260,0.801025390625,8,8,"[[-7, 11, -2, -9], [1, 3, 5, 14, -13, -12, -11, -10, -9, -8, -6, -4], [2, -5, 7]]","[[9, -2, -1], [2, 12, 5], [-8, -14, -9], [-11, -12, -3], [1, 11, 9], [3, 14, -5], [8, 13, -9], [-8, -5, 12, -10], [8, 11, -3, -5], [-11, 5, 13], [-13, 10, -6, -9], [2, 11, -10, -9], [11, 3, 13, -1], [1, 4, 5, 11, -6], [6, 10, 12, -11, -4], [-7, -5, 12, 6], [4, 8, 14, -13, -3], [1, 5, -10, -8, -3], [9, -13, -12, -8, -6, -4], [3, 6, 10, -8, -7], [10, -14, -3, -13], [-14, 3, -2]]",0.9884033203125,0.23199462890625,0.23199462890625,0.9884033203125,0.9961527892278098,0.22210693359375,T-,T+,0.99560085910985,0.8991534430335559,391,59,390,59
"[[8, 14, -5, 13, -4, -6, -12, 1, -7, 9], [-10, -2, 14, -13, 6, 12], [6, -4, 13, -5, 11, 10, -7, 3, -12], [-8, 14, -2, 12, 11, 4, -10, -7], [3], [-3, 5, -6, -12], [4, 12, 5, -8, -9, 11, -13, 3, 2, 1, 10, -7, -14], [-11, 12, -13, 9]]",6528,9856,0.6015625,8,6.875,"[[9, -13, 12, -11], [5, 8, -13, -10, -2], [-6, -12, 5], [3]]","[[1, 6, 7, 10, 14, -13, -12, -11, -9, -5, -4], [1, 8, 10, 13, -14, -6, -5, -2], [-5, -12, -3], [12, -3, -9], [9, 12, 13, -7, -1], [4, -3, -2, 7], [7, 11, -13, -9, -4], [8, 14, -12, -11, -10], [8, 9, 11, 12, -3], [1, 2, 11, -8, -7], [1, 5, 10, 12, -4], [7, 14, -10, -4, -1], [4, 10, -9, -7, -6], [9, 10, -12, -5, -1], [4, 11, 13, -12, -8], [14, -13, -10, -7, -4, -3], [-14, -11, -10, -5, -1], [1, 2, 13, -11, -10, -8, -3], [6, 8, 10, 14, -11, -5, -3], [7, 11, 13, 14, -8, -6], [2, 5, 8, 11, -14, -13, -12, -9, -1], [-8, -7, 10, -3], [3, 4, 11, 12, -14, -13, -8, -7, -2], [-3, 5, 6]]",0.9853515625,0.2271728515625,0.9853515625,0.9853515625,0.9613142554319025,0.2303466796875,T+,T+,0.9889532081210373,0.8571988217014619,209,241,209,241
"[[6, -4, -14, -11, 8, 5, -3, 2, 1, -9, 10], [-12, 4, 13, 3, 14, -7, -6, 5, -9, 2, 10, -1, 11], [-7, -12, 4, 6, -5, -14, 1, -2, 8, 3], [1, 12, 11, -3, 6, 14, -8, 10, -9], [8, -7, -3, -6], [-7, -1, 14, -5, 9, -10, -8]]",15174,1210,0.9261474609375,6,9,"[[8, -7, -6, -3], [4, 9, 14, -10, -8, -7, -6, -5, -1]]","[[8, 1, 2], [-9, -7, -4, -3, -1], [2, -6, 13], [9, 12, -11], [-7, 11, 14], [9, -14, -2], [6], [3], [-8], [7]]",0.9906005859375,0.0596923828125,0.0596923828125,0.9906005859375,1.0,0.05029296875,T-,T+,0.9967882078170422,0.9609186418842484,429,21,429,21
"[[-6, -4], [-1, -13, 3, -11], [10, 11], [-1, 5, -6, 7, -14, 10, -8, -9, 3, -12]]",8446,7938,0.5155029296875,4,4.5,"[[3, 6, 10, -13, -1], [3, 8, -12, -10, -6, -5], [3, 4, 7, 12, -13, -11, -9, -8, -1], [2, 3, 6, 7, -13, -12, -5], [10, 11], [-6, -4]]","[[4, -3, -10], [11, -10, -5], [-6, 4, -11, 7], [-13, 5, 6, -10], [2, 8, 12, -7, -5], [4, 7, 12, -14, -2, -5, -1], [-13, 12, 14, -5], [5, 7, -13, -12, -8, -3, -1], [1, 3, 10, 14, -7], [1, 6, 11, 12, 14, -3], [9, 12, -1, -4, -3, -2], [5, 6, 7, 14, -9], [4, 7, -13, -10, -8, -6, -1], [4, 10, -14, -11, -8, -6], [3, 7, 8, 13, 14, -12], [4, 7, -5, -3, -2], [1, -12, -2, 6], [13, 5, -2], [2, 3, 8, 9, 10, 12, -11, -7, -6, -1], [3, 4, 6, 11, 14, -13, -9, -7, -5, -1], [6, 10, 11, -14, -9, -8, -7, -4, -3], [2, -12, -11], [-11, 6]]",0.9613037109375,0.27862548828125,0.27862548828125,0.9613037109375,0.9492571428571429,0.26702880859375,T-,T+,0.9878152432469037,0.8516271032062951,277,173,277,173
"[[-8, 1, 9, 10, -12, 5, -13, -4, -7], [11, -13, -4, 9, -14], [13, -4, 10, -11, -9, -6], [10], [-6, -5, -11, 13, 14, 8], [6, -1, -12]]",6816,9568,0.583984375,6,5,"[[1, 7, 8, 9, 11, -14, -13, -12, -10, -6, -5, -4, -3], [-12, 6, -1], [8, -5, -11, 14], [9, 11, 12, -13, -4, -1], [10]]","[[8, -3, -10], [-8, 4, -10], [1, 5, -8, -4, -2], [9, 2, -10], [-1, -11, -10, 7], [4, 8, 11, 13, -9], [-7, 2, 4, 13], [2, 11, 13, -14, -9], [-14, -13, -11, -9, -7], [1, 2, 11, 14, -12, -8, -6], [4, 5, 6, 9, -2], [3, 7, 8, -12, -11, -2], [1, 3, -13, -9, -8], [3, 5, 9, 13, -14, -8, -2], [3, 4, 8, 9, 11, -12], [4, 12, 14, -11, -5, -3], [7, -14, -13, -12, -9, -5], [1, 3, 6, 8, 9, -4], [1, 2, 5, 8, -4], [12, -10, -2], [-6, -10]]",0.9669189453125,0.2501220703125,0.2501220703125,0.9669189453125,0.9148390107326179,0.2615966796875,T-,T+,0.9729398715547493,0.8711064368108961,228,222,228,222
"[[10, -4, -2, -9, -7, 5, 3, 11, -12, -1, -6, -8], [-6, -14, 4, 7, 3, -1, -10, -11, -13], [-6], [11, -4, 14], [-4, -10, 14, 5, 3, 7, 2, 11, 12, 8, -6, 13], [2, 5, 1, -8, -12, -13]]",7056,9328,0.5693359375,6,7.166666666666667,"[[11, -4, 14], [1, 2, 5, -12, -3], [-6]]","[[3, 4, 5, 9, 10, 11, -14, -13, -8, -7, -1], [3, 7, 11, 14, -13, -10, -8, -5, -2], [10, -14, 6], [8, -14, -11, -10], [9, 2, -12, -11], [10, 12, -8, -7, -5, -1], [4, 11, 14, -12, -9, -2], [5, 9, -14, -11, -8, -7, -2], [8, 2, 3, 4], [8, -4, 13, 6], [9, 11, 13, -8, -7, -1], [1, 5, 11, 12, -9, -8, -7], [5, 12, 13, -11, -10], [2, 7, 11, -14, -13], [7, -13, -11, -2, -9, -1], [5, 10, -12, -7, -3], [1, 4, 8, -14, -7], [4, 6, 14], [-12, 7, -8, 10, -4], [6, -10], [12, 6]]",0.986328125,0.2454833984375,0.2454833984375,0.986328125,0.9593613933236574,0.2523193359375,T-,T+,0.992307547552665,0.8838800939055342,237,213,236,212
"[[8, -6, 10, -3, 12, 5, 13, 7, -1, 4], [6]]",8176,8208,0.5009765625,2,5.5,[[6]],"[[1, 3, 5, 7, 11, -13, -12, -10, -9, -8, -2], [10, -5, -9], [9, -5, -1, 7], [-8, 10, 2, -12], [3, 5, 11, -10, -7], [-3, 12, -11, 1], [5, 7, 9, 11, -2, -4, -1], [5, -13, -9, -8, -1], [1, 3, 4, 13, -8, -5], [12, 13, -11, -9, -5, -1], [2, 4, 8, 11, -9], [1, 7, 8, 9, 11, 12, -5], [2, 8, -11, -7, -3, -1], [2, 3, -11, -10, -7, -4], [1, 2, 4, 6, 7, 9, 12, 13, -11], [-6]]",0.9990234375,0.214599609375,0.214599609375,0.9990234375,1.0,0.213623046875,T-,T+,0.9991589677687861,0.8712673811022684,244,206,244,205
"[[-11, -5, -7, -14, -3, -10, -12, -8, -9, -13, 1, 4, -6], [2, 9], [-5, 6, -12, -14, 11, -9, 8, 2, 4, 10, 7, -1, 3], [-1, -9, 2, 13, 6, -14, -12, 11, -4]]",12252,4132,0.747802734375,4,9.25,"[[2, 3, 6, 10, 11, 15], [-15, -14, 13, 7], [9, 2]]","[[-7, -6, -12], [10, 3, 4], [1, -13, -4], [-8, -6, -4, 7], [5, 6, -1], [-6, 11, 4, -10], [-6, 12, -11], [-5, 12, 6, -1], [3, -14, -11, -10, -1], [6, 11, -13, -12, -3], [-3, -6, 5, -10], [11, 12, 4, -13], [-9], [-2]]",0.89306640625,0.1864013671875,0.1864013671875,0.89306640625,0.6362494767685224,0.2916259765625,T-,T+,0.9965727727131986,0.8655980510407565,362,88,362,88
"[[-3, -1, 6, -10, -4, 13, 7, -12, -9, 14, 11, -8], [7, 3, 1, 8, -5, -4, 14, 12], [12, -14, -8, 13, 2, 1, -7, 11, -3], [-5, 1, -13, -7, 6, 3, 9, 2, 11, 10, -14, 8, -4]]",16282,102,0.9937744140625,4,10.5,"[[1, 3, 7, 8, 12, 14, -11, -10, -5, -4]]","[[12], [-12]]",0.9947509765625,0.0062255859375,0.0062255859375,0.9947509765625,1.0,0.0009765625,T-,T+,0.9976324083337331,0.9937060527066722,448,2,448,2
"[[-10, 13, 1, 3, 14, 12, 7], [10, 14], [7, 13, -1, -14, 11, 6, 4, 2, 3, -5, 10, -9, -8], [-9, 6, 14, 1, 10]]",12158,4226,0.7420654296875,4,6.75,"[[1, 3, 7, 12, 13, 14, -10], [10, 14]]","[[12, -2, -9], [3, -12, 7], [-13, 12, 5], [5, 9, 13, -4, -2], [-6, -13, 4, -5], [9, 10, -5, -12], [3, 8, 10, 11, -1], [7, 12, -4, -3, -2], [3, 5, 14, -12, -11, -9, -7, -6], [1, 3, 5, -7, 10], [1, 5, 7, 11, -3], [-7, -13, -12], [-14], [-10]]",0.9998779296875,0.1727294921875,0.1727294921875,0.9998779296875,1.0,0.172607421875,T-,T+,0.9974815428683644,0.8582464704414738,344,106,344,106
"[[-2, -9, 1, 3, 7, -12, -10, 6, -4, -8, 13], [6, -13, 8, 11, -9, 1, -4, 3, 2, -5, 7], [10, 7, 8, -2, -11, 13, -3], [-5, -12, -6, -11, 2, -7, -14, 10, -3, -8, -13, -4], [11, -3], [12, -9, 2, -11, -4, 13, 14, 3, -6, 5, 8], [4, -3, 9, -12, -2, 11, 13, 1, 6, -10, -14, 8, 7], [-1, 8, 10, -2, 5, -9, -13, 12]]",12084,4300,0.737548828125,8,9.375,"[[5, 7, 8, 10, 12, 13, -11, -9], [11, -3]]","[[2, 4, 5, -14, -6], [-14, -4, -10, -2], [-8, 1, 4, -2], [4, 8, -12, -6, -1], [8, 1, 9], [2, 5, 13, 14, -7], [1, 8, -9, -6, -4, -2], [4, 6, 7, 8, 10], [-7, -5, -1, 9], [9, 12, -10, -4, -3], [5, -14, -12, -4, -1], [14, -1, -9], [6, 8, 10, -14, -13, -1, -3, -2], [-5, 12, 13], [3], [-11]]",0.98583984375,0.169677734375,0.169677734375,0.98583984375,0.9825757575757575,0.1611328125,T-,T+,0.9946361655705389,0.8945296540160788,353,97,353,97
"[[-8, 7], [5, 8], [6, -13, -2]]",7168,9216,0.5625,3,2.3333333333333335,"[[-13, 6, -2], [-8, 7], [8, 5]]","[[1, 4, 7, 10, 12, -11, -9, -5, -3], [9, -6, 3, -11], [3, -12, -10, -9], [-3, -4, -12, 13], [4, 8, 10, 12, -6, -1], [9, 11, -13, -6, -4, -2], [1, 9, -10, -8, -3], [1, 7, 8, -10, -9], [4, 13, -12, -1, -9, -6, -2], [6, 9, 13, -12, -11, -7], [3, 10, -13, -12, -5, -4], [3, 10, -11, -6, -4], [3, 2, 11, -13], [-7, -5], [1, 2, 6, -12, -11, -10, -8, -4, -3], [-13, -1, -9], [8, -5], [-3, -10, 7, -6, 11, 12, -4], [-8, -7, 5]]",1.0,0.28564453125,0.28564453125,1.0,1.0,0.28564453125,T-,T+,0.9946532637161155,0.8302813818354611,236,214,235,213
"[[-9, -4, -1, 12, 7, 14, 8, -6, 10, 11], [-6, -9, -14, 2, 11, 5, -7, -10], [-6, 5, 7, -10, -3, -2, 12, 11, -13, 4, 9, -8, -14], [8, 4, -2, -11, -7, 10]]",16046,338,0.9793701171875,4,9.25,"[[4, 8, 10, -11, -7, -2]]","[[-9], [9]]",0.9949951171875,0.0206298828125,0.0206298828125,0.9949951171875,1.0,0.015625,T-,T+,0.9982590121673159,0.9846208368503624,444,6,444,6
"[[5, -8, -4, 6, 9, -1, 2, 12, -3], [2, 3, 12], [-9, 1, 3, -2, -10, 4, 11], [-4, 7, 13, -8], [-5, 1, 10, 6, 11, 12, -8, 9, 2, -14], [4, -7, 9, -12, 2, 11], [3, -7, 5, 13, 2, -9], [-8]]",6912,9472,0.578125,8,5.75,"[[2, 9, -12, -10, -7], [1, 2, 3, 4, 14, -10], [2, 3, 12], [-8]]","[[2, 4, 11, 12, 14, -10, -7, -6, -5, -3], [8, -13, -3], [3, -13, -12, 5], [8, 5, 2, -11], [8, 10, 11, -5], [2, 4, 6, 7, -10], [8, 11, 5, -10], [6, 9, 10, 11, -14, -13, -5], [4, 10, -9, -7, -6, -3, -1], [4, 5, -2, 11, 14], [7, 9, 10, 12, -13, -6, -4, -3], [2, 6, -10, -9, -5, -3], [5, 9, 10, -13, -11, -1], [-14, -12, -9, -6, -2], [1, 3, -12, -11, -6], [6, 13, -12, -4, -3], [1, 6, 9, 10, 13, 14, -4, -3], [3, 12, -11, -2], [8, -12], [4, 5, 6, 9, 13, -10, -1, -8, -3, -2], [8, -14, 12]]",0.97412109375,0.2357177734375,0.97412109375,0.97412109375,0.9378502292409577,0.2396240234375,T+,T+,0.9864467913713245,0.8859516782487707,206,244,206,244
"[[7, 13, 8, 4, -14, 11, -5, -9, 10], [-11, -14, 2, -1, 3, 6, 13, -10, -5]]",16320,64,0.99609375,2,9,"[[2, 3, 6, 13, -14, -12, -11, -10, -9, -7, -5, -4, -1]]","[[6], [-6]]",0.9962158203125,0.00390625,0.00390625,0.9962158203125,1.0,0.0001220703125,T-,T+,0.9973155438090493,0.9961221332258432,449,1,449,1
"[[-11, 9, 4, -6, 3, -13, 7, 2, 14, -5, -12, -10, 1], [-9, 7, -11, 12, -5, 6, 8, 14, 2, -13, -3, -4, 10], [-12, -1, -13, 7, 4, 2], [3, -9, 11, 8, 5, -7, -2, -1, -10, -4, 13], [-5, -2, 10, -8, -14, 4, 7, -9], [2, -9, -8, -7, -6, 11, 1, 12], [5, -7, 2, -6, -14]]",15492,892,0.945556640625,7,9.142857142857142,"[[1, 2, 5, -14, -7, -6], [2, 4, 9, -13, -12, -1], [2, 3, 5, -10, -9, -7, -6]]","[[8], [-8]]",0.961669921875,0.054443359375,0.054443359375,0.961669921875,0.7171052631578947,0.037109375,T-,T+,0.985666775554086,0.9573594059320764,432,18,431,18
"[[-9, 1, -3, -8, -13, 5, 6, 2, -12], [-8, 1, 9], [4, -3, 12, -11, -14, 7, -10, -5, 6, -8, -13, 1], [5, 12, -6, -1, -2, 11], [-2, -7, 9, 12, 13, -14, 11, -5], [14, 5, 2, 11, 6, -10, -13, -1, -9, -12, 8], [-9, 1, 4]]",11960,4424,0.72998046875,7,7.428571428571429,"[[4, 9, 10, 13, -14, -7, -5, -3], [5, -2, -6, 11, 12, -1], [1, 4, -9], [-8, 1, 9]]","[[1, -4, -9], [8, 9, -2], [12, -1, -9], [-12, 14, -1], [-14, 3, -1], [2, -3, 7], [-7, -13, -3], [10, 3, 5], [-14, -13, -12, -10, -9, -2], [10, -14, 13, 6], [4, 7, -8, -3, -1], [9, 2, -5], [3, -14, -13, -5, -2], [7, 12, -10, -3, -2], [11, -13, -12, -8, -4], [3, 6, 9, 14, -7], [5, -11, -10, -9, -8], [4, 13, -12, -10, -2], [8, 2, 11], [8, -6]]",0.993408203125,0.2188720703125,0.2188720703125,0.993408203125,0.9876612450925406,0.2176513671875,T-,T+,0.9922703149005757,0.8717641575805306,359,91,358,91
"[[-2, 3, 13, -8, 1], [-7, -14, 8, 1, 3], [-13, 3, -14, -9, -5]]",14912,1472,0.91015625,3,5,"[[1, 3, 8, -14, -7], [1, 3, 13, -8, -2], [3, 11, -14, -13, -9, -6, -5, -4, -2]]","[[1, -14, -3], [9, -14, -6], [4, 6, -9], [-10], [14], [2], [-1], [-4]]",0.974365234375,0.08837890625,0.08837890625,0.974365234375,0.9885931558935361,0.064208984375,T-,T+,0.995401541309085,0.9512353149302293,429,21,429,21
"[[-13, -9, -3, -10], [-14, 13, 12, 1, 8, -4, 11, -9, -2, -7, 5, 10, 6], [-11, -7, -5, 2, -3, -4], [-8, -12, 11, -3]]",14238,2146,0.8690185546875,4,6.75,"[[-8, 11, -12, -3], [2, -11, -7, -5, -4, -3], [-13, -3, -10, -9]]","[[9, 11, 4], [9, -4, -10], [2, 14, -9], [12, -3, 14, 7], [-8, -13, 6], [-6, -11, 14], [-5, -2], [-14], [1], [3]]",0.9998779296875,0.1387939453125,0.1387939453125,0.9998779296875,1.0,0.138671875,T-,T+,0.9962557006448308,0.8904806951855218,402,48,402,48
"[[6, 14, 5, -9, -12, -3, 1, -4, -13, 2, 7], [5, 11, -10, -4, -13, -7, -12, -3, -14], [7, -5, -8, 11, 9], [-10, 2, -5, -1], [-6, -10, -5, 1, 11, 13, 3, 7, -8, 2, -4], [-4, -6, -3, -12, 8, -11, 7], [-11, 3, 9, -2, -7, 5, -6, -8, 10, -12, 14]]",14740,1644,0.899658203125,7,8.285714285714286,"[[7, 9, 11, -8, -5], [7, 8, 10, 13, -14, -12, -11, -9, -6, -4, -3], [2, -5, -1, -10]]","[[11, 5, -9], [-5, 4, -1, -2], [-6, -3], [3, -10], [-8, 9], [10], [-11], [-12], [8]]",0.989990234375,0.101806640625,0.101806640625,0.989990234375,1.0,0.091796875,T-,T+,0.9953095658484067,0.9411805144941313,426,24,426,24
"[[-9, 5], [-7, -11, -3, 10, -14, 12, -2, 5], [2, -11, -6, 9, -13, 14, 1, -8, -5, 7, 10, -12, 4], [-13, 7, -3, -9, -5, -14, -11, 8, 10, 1]]",12238,4146,0.7469482421875,4,8.25,"[[5, 10, 12, 13, -11, -8, -7, -2], [5, -9]]","[[3, 6, 11, -13, -2, -9, -8, -10, -4, -1], [1, -4, -10, 7], [10, -13, -12], [-12, 13, -1], [11, 12, 14], [1, 10, 11, -3, -2], [1, -6, -11, -10], [-8, 11, -14, 3], [8, 1, -14, -10], [3, 10, 12, 14, -8], [-14, -12, 5, 6], [5, 8, 10, 12, -7], [8, 2, 10, -11], [-7, -12, -10, 6], [-13, -11, -1, 5, -6, -3, 14], [9], [-5]]",0.9959716796875,0.18316650390625,0.18316650390625,0.9959716796875,0.9919544083137781,0.18206787109375,T-,T+,0.99732415587961,0.8671633758558575,356,94,355,94
"[[-4, -7, -11, -1, 12], [14, -13, -9], [-12], [6, 10, 2], [-8, -14, -9, 12, 2, -10, 6, -4, 7, 13, -5], [-11, -2]]",4304,12080,0.7373046875,6,4.166666666666667,"[[-8, -7, -11], [-13, 14, -9], [2, 10, 12, 6], [-11, -2], [7, 11, 12, -14, -10, -8, -5, -4, -1], [-12]]","[[1, 2, 4, 8, 10, 14, -13, -7, -6, -5], [2, 10, 13, -14, -11, -9, -8, -7, -5, -4, -3], [4, 5, 6, 12, 13, -14, -11, -9, -8, -7, -1], [10, 14, -13, -2, -8, -7, -6, -5, -3, -1], [5, 6, 7, 8, 11, 13, 14, -9, -4, -3, -1], [11, 12, -10], [3, 10, 11, 12], [2, -5, 12], [2, 5, 8, 12, -11, -10], [3, 7, 8, 12, -9], [4, 9, -10, -6, -5], [2, 5, 14, -8, -7, -6, -4], [1, 2, 6, 7, 8, -9, -5], [4, 10, 11, 13, -9, -7, -2], [8, 9, 12, 14, -13], [1, 5, 6, 7, 9, -14], [2, 3, 7, 13, -10, -9, -6, -4], [2, 3, 5, 6, -14, -10, -4], [8, 10, -14, -6, -3, -1], [-8, -7, 12, -10], [1, 2, 9, 13, -12, -11, -6, -5, -4], [10, -6, 12, 7], [1, 6, 9, -14, -13, -11, -8, -5]]",0.977294921875,0.2188720703125,0.977294921875,0.977294921875,0.9317571198280494,0.2271728515625,T+,T+,0.9606236240895065,0.8614897131321914,152,298,150,298
"[[-14, -12, 8, -7, 10, -6, 13, 5, -3, 2, 1], [2, -1, -10, 6, -13, -11, -3, 8, -7], [-11, -13, 12, 3, 1, -8], [-4, -1, -12, -8, -10, -3, 11, 9], [-4, -14, 5, 13, -9], [11, -3, 6, -4, -13, -5, -10, 9, 12, 7], [5, -9, -4, 6, -7, 11, -1]]",15402,982,0.9400634765625,7,8,"[[1, 3, 12, -13, -11, -8, -2], [5, 13, -14, -9, -4], [5, 6, 12, -13, -10, -9, -8]]","[[-14, -10], [14], [10]]",0.9737548828125,0.0599365234375,0.0599365234375,0.9737548828125,0.8631578947368421,0.04638671875,T-,T+,0.9926568858223722,0.9613012179882711,434,16,434,16
"[[14, 6, 11, -7, 1, -2, 10], [-6, -4, -11, -2, -12, -10, 1, 7], [14, -12], [12, -3, -10, 14, 9, 4, 5], [3, -12, -10, -5, 4], [-1, -6, -9, -11, 8, 3, 5, -14, 13, 10], [-9, 1, -14, -6, 4, -3, 8, 12], [9, 10, 5, -4, -12, -14], [12, -8, -3]]",9504,6880,0.580078125,9,6.222222222222222,"[[5, 9, 10, -14, -12, -4], [3, 4, 6, 9, -12, -10, -7, -5], [-12, 14], [4, 5, 8, 9, 13, 14, -11, -10, -1, -7, -6, -2], [-8, 12, -3]]","[[8, -7, -14], [2, 10, -5], [3, 12, 14], [13, -4, -11], [9, -6, 11, 4], [-7, 4, 13, -9], [10, 3, -2], [2, 5, 10, -7, -4], [-8, -14, 11, 4], [3, -13, -8, -5, -4, -2], [-3, -11, 13, 5], [5, 8, -13, -11, -10], [2, -13, -4, -10], [-2, -9, -8, -7, -5, -4, 14], [4, -11, 6, -1], [-14, 7], [8, 12, 14]]",0.97265625,0.30267333984375,0.30267333984375,0.97265625,0.996696762827571,0.27716064453125,T-,T+,0.9880150834877715,0.8039591668818643,300,150,300,150
"[[-2, -5, -8, 6, 7, -9, -1, 3, 4, -11, 14, 10], [11, 8, 12, -14, 3, 1, 4, 2, -7], [-3, -10, -4, 9, -13, -11, 7, -5, -12], [11, -1, -4, 8, 12, -9, -10, -7, -13, 2, 5, 14]]",16312,72,0.99560546875,4,10.5,"[[1, 2, 3, 4, 5, 8, 9, 10, 11, 12, -14, -7, -6]]","[[-6], [6]]",0.9957275390625,0.00439453125,0.00439453125,0.9957275390625,1.0,0.0001220703125,T-,T+,0.9973187067336543,0.996126702270507,449,1,449,1
"[[-14, 3, 7, -4], [12, -11, 3, -2, 9, -6], [12, -7, -11, -13, 14, 1, 3, -4, 9]]",15112,1272,0.92236328125,3,6.333333333333333,"[[-14, 3, -4, 7], [3, 9, 12, -11, -6, -2]]","[[-6, 3, 4], [14, -10], [9, 13], [2], [1], [6], [-14], [-9]]",0.99853515625,0.08251953125,0.08251953125,0.99853515625,1.0,0.0810546875,T-,T+,0.9972694918003356,0.9475508903008737,428,22,428,22
"[[3, -14], [-3, 1, 5, -8, 10, -2, -6], [-8, 5], [-13, 7, 3, -4, -2, -9, -12, -11, -6], [-14, -10, -13, 3, -2, 12, 5, -1, 11, 8, 4, 6, -9]]",9204,7180,0.561767578125,5,6.6,"[[-8, 5], [7, 14, -13, -12, -11, -9, -6, -4, -2], [-14, 3]]","[[7, 9, 13, -14, -2, -10, -8, -6, -4, -1], [8, -3], [-5, 14, -10], [-8, 10, -5, -3], [8, 1, 3], [3, 10, -11, -9, -2], [11, -6, -5], [9, 2, 6, 7], [1, -2, 6, 7], [1, 2, 5, 14, -13], [6, 9, 12, -13, -4, -3, -2], [13, -12, -7, -4, -1], [4, 6, 8, 10, -1], [1, 7, 10, -14, -6], [11, 4, 13, 14], [4, 6, -13, -5, -1], [2, 7, -12, -11, -1], [3, 12, 14, -13, -11, -10, -4], [4, 8, 11, -13, -12], [4, -11, -10, -7, -3], [3, 6, 9, 12, 14, -2, -8, -1], [1, 3, 5, 6, 9, 12, -10, -8], [-7, 2, -5, -4]]",0.999267578125,0.2733154296875,0.2733154296875,0.999267578125,0.9973273942093541,0.2740478515625,T-,T+,0.9965531792531156,0.8339911019041117,291,159,291,159
"[[14, -9, -4, 8], [9, -3, 12, -6, 10, -14, 7, 2, 13], [8, 1, 11, 5, 9, 7, 14, -12, 10, 6, -2], [12, -1, -4]]",13536,2848,0.826171875,4,6.75,"[[12, -4, -1], [8, -4, 14, -9]]","[[3, -12, 6], [-11, 13, 9, -7], [-8, 3, 12], [2, 14, 7], [9, -6, -4, -12], [-8, 1, 2, -11], [8, -11, -10, -5, -1], [1, 7, -14, -9, -4], [11, -3, -10, -9], [-6, -14, 3, 13], [8, -14, -13], [-8, -4, -10], [-6, -5, -9], [2, 5, 10, 11, -3], [3, -5, 8, 10, 11, -4], [-3, 6, -2], [4]]",0.998046875,0.16485595703125,0.16485595703125,0.998046875,0.9985057900635039,0.16339111328125,T-,T+,0.9978259546073084,0.8998368355246071,392,58,392,58
"[[1, -7, 5, 6, -10, 4, 11, 9, 2, 14, -8], [-2, 1, 9], [11, -12, -2, -7, 1, 5, 3]]",14264,2120,0.87060546875,3,7,"[[3, 5, 8, 11, 13, -14, -12, -9, -7, -6, -4], [1, -2, 9]]","[[8, -4], [11, -2], [4], [2], [-13], [-1], [-14]]",0.995361328125,0.12939453125,0.12939453125,0.995361328125,0.9970817120622568,0.12548828125,T-,T+,0.9966910399314484,0.910382967209593,410,40,410,40
"[[14, 4, 13, 6, 10, 8, -5, -9], [-2, 14, -9, -10, 5], [8, -5, -12], [-7, 1, -2, -12, -5, 11, -14, 9, 3], [4, -5, 6, 9, 12, -8, 11, -10, -7, 3], [-1, 2, -8, -9], [6, -9, 3, -1, -8, -7, -10, -13, 4, 12]]",12730,3654,0.7769775390625,7,7,"[[2, -14, -9, -8, -1], [2, 14, -13, -9, -1], [2, 3, -12, -10, -7, -5], [2, 12, 13, -11, -8, -7, -6, -3, -1], [5, -10, -9, -2, 14], [8, -5, -12]]","[[1, 2, 3, 7, 8, 9, 11, 14, -13, -10, -5], [9, 5, -1], [8, 5, -9], [8, -3, 2, -11], [-7, 3, -4, -13], [-14, -1, 6, -2], [2, 3, 6, 14, -5, -4], [3, 4, -2], [9, -6, -11, 14], [1, 2, 4, -11, -9, -5], [-6, -14, -13, 7], [-3, -12, 5], [10, 13, -4, 5], [-13, 5, 6, -10], [-5, 12, -1], [1, 12], [-4, -2], [-8, -12]]",0.9625244140625,0.17279052734375,0.17279052734375,0.9625244140625,0.8802744425385934,0.17791748046875,T-,T+,0.9827095855142222,0.8839236793916361,369,81,369,81
"[[-1, -9, -8, 6, -14, -4, 5], [2], [-7, -14, 11, -12, 4, -5, -8, -10, -9, -1, -13]]",8124,8260,0.504150390625,3,6.333333333333333,"[[5, 6, 7, 11, -14, -13, -9, -8, -4, -3, -2], [2]]","[[3, 6, 7, 8, 11, -14, -13, -9, -5, -4, -1], [4, 5, 6, 8, 9, -14, -13, -12, -11, -3], [7, 5, 14, 6], [4, 8, 9, -5, -1], [-10, -9, -6, -4, -3], [6, -10, 14, -9], [1, 9, 11, 14, -7], [-12, -8, -6, -5, -4], [6, 8, 9, -11, -7], [1, 11, 14, -9, -4], [1, 8, 11, -14, -10, -6, -5], [12, -14, -11, -10, -8, -7, -4], [4, 7, -12, -9, -6, -3], [1, 3, -13, -12, -8, -7], [4, 5, 6, 12, -10, -1], [5, 11, 12, -13, -9, -4], [3, 5, -11, -9, -7, -6], [-2]]",0.995849609375,0.1767578125,0.1767578125,0.995849609375,0.998589562764457,0.173095703125,T-,T+,0.997096463962664,0.8986046897373635,243,207,243,205
"[[9, -6, 5, -7, -10, 3, 13, 1], [-14, 8, -2], [-11, -3, -1, -14], [5, -7, 8], [2, -11, -14], [5, 7, 1, -10, -14]]",10468,5916,0.638916015625,6,4.333333333333333,"[[2, -14, -11], [8, -14, 11, -2], [-14, -11, -1, -3, -2], [8, -14, -10, -9], [1, 4, 5, 7, -14, -10], [8, 10, 13, -14, -11], [8, -7, 5]]","[[-6, 14, 7], [-12, 6, 14], [-8, -14, 11], [-5, 12, 14], [1, 10, 4], [-7, 3, -10, -1], [-8, -4, -3, -2], [5, 6, -9], [8, -3, 6, -1], [2, 10, 11, -9, -7, -6], [3, 4, 6, 10, -1], [9, 13, -12, -4], [4, 11, 13, -12, -3], [9, -4, 12], [-14, -5, 4, -9], [-12, -8, -6, -5, -4], [3, 4, 5, -12, -11, -10], [8, 11, -5, 4], [2, 10, -13, -7, -1], [9, 11, 13, -2], [1, -13, -10]]",0.965087890625,0.3131103515625,0.3131103515625,0.965087890625,0.9581825492561319,0.3035888671875,T-,T+,0.9785174645178122,0.8389079055168138,341,109,341,109
"[[11, -5, 9, 4, 7, 2, 10, -1], [-8, 11, -2], [-13, -2, -14], [14, 2, -8, -7], [-3, 9, -2, -14, -6, -7, 11, -1, -10, -5, 13, -8]]",11712,4672,0.71484375,5,6,"[[-8, 11, -2], [-8, -7, 2, 14], [-14, -13, -2], [6, 9, 10, 11, 12, 14, -1]]","[[1, 3, 6, 7, 9, 11, 12, 13, -14, -8, -5], [8, 9, 3], [-11, -2, 14], [8, 11, -4], [4, 13, -2], [-11, -14, -3], [-12, -10, 7], [12, -13, -10, -8, -3], [3, 9, 11, -6, -5, -4], [-6, -11, -9], [-6, -13, -4, -12], [5, 6, 8, 14, -13, -12], [11, -3, 14, -5], [-7, -4, 6], [-6, 5, 9, 10, 13], [2]]",0.9921875,0.23095703125,0.23095703125,0.9921875,0.9815595363540569,0.231689453125,T-,T+,0.9954999396782399,0.8696181714006612,380,70,380,70
"[[7, -13, -6, -5, 12, 9, 10, 1, 14, -8], [-14, 1, -3], [11, 2, 9, 8], [12, 4, -6, -7, -2, 5, 11, -9, 3, 1, 14]]",13416,2968,0.81884765625,4,7,"[[1, 2, 3, 4, 7, 9, 10, 12, 14, -13, -11, -8, -6, -5], [1, -14, -3], [8, 9, 2, 11]]","[[-8, 11, 4], [8, 13, 7], [-8, -11, 14], [11, -4, -1], [1, 3, 12], [12, -3, -2], [-6, 3, -12], [11, -12, -10], [9, 2, -3], [3, -2, -1], [1, 11, -4, 13], [2, -13, -4, -10], [8, 9, -4], [10, 4, -12, 5], [-3, -13, -11, 7], [13, 4, 5, -1], [-14, 6, -7, 11, -3, -2], [8, -13, -11], [3, -9]]",0.99859619140625,0.1968994140625,0.1968994140625,0.99859619140625,1.0,0.19549560546875,T-,T+,0.9954608134036605,0.8710854542016739,382,68,382,68
"[[-13], [11, -13, -12, -3], [-8, 4, 10], [-11, -1, -5, 13, -14, 3, -6, 2, -4, 7, -12, 10], [-3, -8, -4, 11, -7, 1], [7, -14, 8, -11, 4, 5, -2, -6, 12, -9, 1], [5, 10], [-7, -10, -9, 1, -8]]",5306,11078,0.6761474609375,8,5.5,"[[1, -7, -9], [-8, 10, -5, 4], [1, 2, 6, 10, 11, 13, -14, -8, -4, -3], [10, 5], [-13]]","[[3, 5, 14, -11, -2, -8, -6, -4, -1], [9, 11, 12, -10, -7, -6, -5, -3, -1], [10, -5, 13], [1, 13, -9], [5, 7, 9, -12, -10], [8, 12, -2, -4, -1], [3, 4, 13, -12, -2, -9, -1], [5, 6, 11, -10, -9, -4, -3], [2, 4, 12, -10, -1], [2, 9, 14, -8, -4, -1], [1, -12, -10, -7, -5, -3], [4, 7, 8, 10, -14, -6, -5, -3, -1], [3, 4, 8, 14, -2], [1, 4, 6, 7, -12, -11, -2], [6, 7, -10, -9, -3, -1], [3, 5, -10, -9, -6], [9, -6, 13], [2, 3, -14, 5, 6, 8, -7], [5, 6, 8, 14, -12, -11, -1, -4, -2], [13, -10]]",0.97021484375,0.23272705078125,0.97021484375,0.97021484375,0.896116273528711,0.25616455078125,T+,T+,0.956861417894357,0.8503943276398422,199,251,199,251
"[[1, 14, -7, -9, 2, 5, -13, 8, 4, 6, 3, 11], [10, -8, -11, 3, 13, -6, 14, -7, -9, -2, 4, 5, 12], [6, 4], [10, -9], [3, -10, -5, 2, -12, -6, 14, -4, -8, 1], [-11, -4, 2, -7, -5, -8, 14], [13, 3], [-13, -8, -6, 4, -3, 14, -10, -12, -9, 2, 11, 1, 7]]",6832,9552,0.5830078125,8,7.625,"[[4, 6], [2, 6, -11, -9, -7, -5, -3], [10, -9], [3, 13]]","[[9, -13, -4], [-6, 4, -3], [-4, -10, -9], [-3, -4, 13, 9], [4, 14, -13, -6, -2], [-14, -13, 5], [1, -6, 11, 9], [4, 5, 7, -10, -6, -2], [1, 6, 7, -13, -8, -5, -4], [2, 7, 12, 14, -8], [5, 9, 10, 13, -1], [3, 8, 9, 10, -12, -11, -5], [-8, 9, 12, -7], [3, 9, 11, 12, -14, -4], [5, 8, 11, -12, -7, -4], [1, 2, 5, 13, -14, -3], [14, -13, -11, -8, -7, -4], [3, 7, 9, -14, -11, -10, -1, -8, -2], [1, 6, 7, 14, -11, -5, -3, -2], [8, -6, -13, -12], [3, -12, -11, -10, -8, -7, -6], [2, -5, -4, 12]]",0.994140625,0.2607421875,0.994140625,0.994140625,0.9943181818181818,0.2578125,T+,T+,0.9707874464592933,0.8445035355230625,217,233,216,232
"[[11, -14, 5, -13], [-12, -9]]",11520,4864,0.703125,2,3,"[[-14, 11, 5, -13], [-12, -9]]","[[-14, -11, -2], [9, 2, 6], [8, -7, 2, -5], [7, 11, -6, -5, -1], [-8, -14, 12, -3], [4, 6, 8, 14, -2], [-7, -6, -4, -11], [5, 8, 9, 13, -1], [-8, 1, -6, 7], [2, 10, 11, 12, -9], [3, 5, 7, -1, -2], [1, 4, 12, -7], [10, -6, 11, -3], [-8, 2, 4, 7], [9, 3, -7, 6], [3, 4, 7, 8, -13, -12, -10, -6], [-14, 11, 13, -2], [12, 14], [2, 5, 6, 8, 10, -14, -13, -9, -4, -3], [9, -12, 14], [-5, -3, 7], [4, -11, 7], [2, 6, 13, -10, -9, -8, -7, -1]]",1.0,0.21380615234375,0.21380615234375,1.0,1.0,0.21380615234375,T-,T+,0.9980198357191845,0.8663433981016305,337,113,337,113
"[[-7], [8, 14, 11, -3, 12, -1, 2], [-5, -7, 3, -9, -8, -14, -6, 10, -2, -4, 12, 1]]",8128,8256,0.50390625,3,6.666666666666667,[[-7]],"[[4, 5, 6, 8, 11, -12, -10, -9], [1, -13, 6, -9], [6, 9, 14, -8, -5, -4, -1], [5, 9, 11, -14, -8], [4, 9, 10, -5, -2], [1, 2, -9, -6, -5], [6, 14, -12, -10, -8, -3, -2], [3, 4, -11, -10], [2, 10, 12, -9, -5, -1], [8, 9, 13, 14, -10], [5, 9, 10, -6, -4, -1], [1, 2, 5, 6, 13, -3], [3, 10, 11, 12, -14, -13, -1, -7, -6, -2], [7]]",0.99609375,0.15460205078125,0.15460205078125,0.99609375,1.0,0.15069580078125,T-,T+,0.9992165104309533,0.9269398318480596,269,181,268,181
"[[13, -1, 3, 6, -12, 8, 4, 2], [6, -11, -8, 14, -10, -12, 5, 7, 3], [9, -14, 13, -10, -11, 12, -7, -8], [-8, -13, -3, -1, -2, -9, -11, 7, 10, -14, -5, -6], [-7, -4, -14, 1, -10, 13], [-3, -13, 6, -5, 11, -8, -12, -10, -4, -9, 14]]",15972,412,0.974853515625,6,9,"[[-12, 5, 6, -9, -10, 15], [1, 8, 11, 13, -15, -14, -7, -4, -3, -2], [2, 3, 7, 14, -15, -11, -8, -1]]","[[-5], [5]]",0.94134521484375,0.025146484375,0.025146484375,0.94134521484375,0.08845577211394302,0.04071044921875,T-,T+,0.9943823944787541,0.9938228255193873,448,2,448,2
"[[-5, -7, -13, 11, 3, 10, 8, -2, 12, -14, -6, -1, -4], [12, 14, -2, 10, 3, -11, 4, 6, 9, -7, 1, -8, -13], [3, -12, 5], [-6, -9, 2, 12, 7, 1, -13, 11, 3, -4, -10, -5], [-13], [-3, 14, 12, 9, 10, -6, -8, 7, -11, 1, -4], [13, -8, -1, -10, 6, 3, -7, -14], [-11, 13, 3, 7, -6, -12, -10, 5, -2], [6, 5, -14, 10, -13, -8, 1]]",7116,9268,0.565673828125,9,8.555555555555555,"[[13, 3, -12, 5], [-13]]","[[2, 12, -14, -11, -9, -8, -6, -4], [4, 8, -14, -12, -10, -9, -5, -1], [-6, -5, 13], [-3, 13, 6], [8, 13, -2], [-8, 1, 2, 14], [5, 8, 11, 12, -9], [1, 13, 9], [11, 12, -14, -10, -4], [9, -12, -6, -3, -1], [12, -14, -9, -8, -2], [3, 8, -12, -9, -5, -4], [10, -14, -11, -6, -5, -2], [1, 4, 9, 12, -2], [4, 8, 9, 14, -1], [1, 2, 3, 10, 13, -14, -7], [6, 9, -12, -11, -10, -8, -7], [2, 5, 10, -9, -3, -1], [6, 8, 10, -12, -9, -2], [-7, -5, -4, -3, -1], [-6, 13, -10], [2, 3, 4, 5, 6, 7, 10, 12, -13], [-8, 13, -1]]",0.996826171875,0.2440185546875,0.996826171875,0.996826171875,1.0,0.2408447265625,T+,T+,0.9955257409151587,0.8803630379875934,222,228,222,228
"[[-13, -14, 6, 4, 10, 12, -5, -7, -2, 9, -3, -1], [7, -14, -2], [-6, -12, -8, -9], [-13, -10, 14], [4, 9, 1, 8, -2], [-5, 10, -12, 13, 2, -3, 6, 7, -14], [-2, 6, -5, -13, -14, -12], [7]]",6372,10012,0.611083984375,8,5.375,"[[1, 4, 8, 9, -14, -6, -2], [6, -14, -13, -12, -2], [-8, -6, -12, -9], [-13, 14, -10], [7]]","[[2, 5, 6, 8, 11, 14, -13, -12, -9, -4, -1], [2, 8, 12, 13, 14, -11, -10, -9, -6, -4, -1], [2, 5, 10, 11, 12, 13, -14, -9, -8, -6, -4, -3, -1], [4, 6, -14, -13, -2, -9, -8, -10, -3, -1], [1, 6, 9, 10, 11, 13, -12, -8, -4, -3], [-7, 10, 4], [-7, -5, 12], [-7, -14, -13], [8, 9, -7, -4, -1], [9, 2, -14, 6], [9, -11, -10, -8, -6], [4, 6, 11, 14, -12, -9, -2], [9, 11, 12, 14, -13, -8, -2], [1, 13, -14, -9, -4, -2], [-14, -13, -11, -2, -6, -3, -1], [9, 11, -14, -13, -12, -8, -6], [3, 4, 6, 8, 10, 13, -12], [6, 9, -13, -7, -3, -1], [1, 5, -9, 8, -6], [2, 3, 4, 12, -14, -13, -10, -5], [1, 4, 5, 6, 7, 10, 14, -13, -11, -9, -2], [-8, -7, 3], [-7, 13]]",0.983642578125,0.187255859375,0.983642578125,0.983642578125,0.9605263157894737,0.185546875,T+,T+,0.9720074525020158,0.9094992902645147,180,270,180,270
"[[-8, 5, 1, 3, 10, -14, 2, 6, 12, 7], [-1, -11, -6, -13, 7, -9, -4], [-6, 8, 12, 3], [6, -12, -5, 3, -11, -7], [-3, -13, -7, 4, 12, -10, 14, -5], [4, 10, 12, -2, -9, -11, 3, 13], [-13], [-1, -9, 4]]",6576,9808,0.5986328125,8,5.875,"[[3, 8, 12, 13, -11, -10, -6, -4], [1, 3, 4, 10, 11, -6, -5], [4, -14, -10, -6, -1], [8, 10, -14, -6, -4, -1], [4, -1, -9], [1, 3, 4, 6, 9, 10, 13, -12, -7, -5], [-13]]","[[2, 4, 5, 8, 9, 10, -12, -11, -6, -1], [-14, 13, 6], [1, -5, 13], [1, -6, 12, -3], [10, 13, -5, -4, -1], [1, 3, 14, -8, -7], [4, 5, 9, 12, -3], [1, 4, 7, 8, -10, -2], [7, 13, -11, -2, -6, -1], [8, 14, -10, -9, -7], [6, 9, -11, -1, -2], [1, 2, 4, 7, 14, -11, -9, -8], [-8, -14, 13, -2], [1, 9, 11, -14, -7], [3, -11, 7, -8, 10, -5, 14], [2, 9, 12, -7, -1], [9, 13], [8, 9, 11, 12, -10, -1, -7, -5, -2], [1, 2, 5, 7, 9, 10, 12, -8, -4], [-14, 3, -12], [4, 8, 10, 11, 14, -7, -5, -3], [5, 13, -9]]",0.9560546875,0.27447509765625,0.27447509765625,0.9560546875,0.937051608423976,0.26373291015625,T-,T+,0.9788285825200207,0.858882961126924,230,220,230,220
"[[1, 13, 4, 10, -5, 12, -6, 8, -14, 3, -9, -2, -11], [7, 1, -9, 11, 13, 12], [-9, 7], [-13, -2, -5], [-8, -5, -4], [4, 2, -8, 14, -6, 7, -5, 3, 1, 13, -11, 9], [-2, 13, -14], [-11, 10, 5, -9, 1, -13, 7]]",8252,8132,0.503662109375,8,6.125,"[[-14, 13, -2], [-8, -5, -4], [-13, -2, -5], [7, -9]]","[[-4, 5, 14], [8, 4, 5], [1, -6, -7], [9, 2, -14, 7], [3, 8, 9, 12, -2], [-7, 13, -2, -1], [6, 7, 10, 11, 12], [3, -14, -13, -6, -1], [5, 6, 11, -13, -8], [1, 3, 9, 11, -2], [4, 5, 10, -11, -8], [9, 3, 4, 7], [3, 6, 8, 12, 13, -10], [6, 14, -11, -10, -4], [11, 13, -10, -9, -2, -6, -5, -3, -1], [2, -14, -12, 8, -4], [-13, 8, -6, 11, 12, -4, -1], [1, 2, -5, -10], [4, 7, 13, 14, -9, -10, -1, -8, -6, -5, -2], [-3, -11, 9], [-7, 2]]",0.999755859375,0.32940673828125,0.32940673828125,0.999755859375,1.0,0.32916259765625,T-,T+,0.9740528186768416,0.7844278016953246,262,188,261,188
"[[-10, -3, 5, 6, -8, -9, 4, 14, 2], [-2, 12, -13, -9], [-8, -5, 6, -10, -2, 4, -1, -12, 9, 3, -13, 14]]",15324,1060,0.935302734375,3,8.333333333333334,"[[-13, 12, -2, -9]]","[[-10, -2], [2], [10]]",0.997802734375,0.064697265625,0.064697265625,0.997802734375,1.0,0.0625,T-,T+,0.9986293696341942,0.9568610998900371,432,18,432,18
"[[-8, -1, -6, -12, -4], [-1, 7, -11, -10], [6, 1], [1, 11, -9], [10, -2, -4, 11], [-8, 5], [12, 8, -1]]",5344,11040,0.673828125,7,3.2857142857142856,"[[1, 11, -4], [-11, -10, -1], [1, 11, 4, -9], [3, -9, -6, -4, -2], [10, 11, -8, -6, -5, -4, -3], [2, -12, -8, -6, -5, -4], [1, 6], [-8, 5], [6, 9, 10, 11, -12, -7, -5, -4, -3, -2], [8, 12, -1]]","[[1, 3, 4, 7, 10, 11, 12, -8, -6], [9, 11, -12, -10, -7, -4, -3, -1], [1, 5, 8, 12, -9, -7, -4, -3], [2, 4, 5, 7, 9, 10, 11, 12], [2, 7, 9, 10, -11, -8, -4, -3, -1], [3, 5, 8, 12, -11, -10, -9, -6, -4, -2], [-5, -12, -1], [1, -6, -11], [-8, -5, 12, -1], [8, -12, 7], [3, -6, -5, -9], [7, 9, 11, 12, -6, -3], [4, 9, 10, -12, -3], [1, 2, 9, -5, -4], [6, 7, 11, -10, -4, -1], [2, 3, 5, 8, 9, -6], [2, 4, -12, -10, -8, -3], [3, 4, 10, -1, -6, -2], [-8, -5, -4, -11], [6, -1, -9, -7, -2], [-5, -11, -2, -9], [-7, 2, -5, 4], [-5, -9, -12, 7], [5, 8, 9, -1, -3, -2], [5, 7, 8, 10, -9, -6], [3, 4, -11, 6, 7, 12, -2], [9, -6, -10, 1], [8, -7, -12, -1], [1, 3, 4, 5, 9, 10, -2]]",0.92529296875,0.32080078125,0.92529296875,0.92529296875,0.836,0.3662109375,T+,T+,0.9331410655871505,0.8029004415856728,209,241,209,237
"[[6, 13], [-8, -5, -13, -10]]",11264,5120,0.6875,2,3,"[[-8, -5, -10, -13], [13, 6]]","[[8, -4, 12], [9, 10, -12], [8, -7, 4], [-8, 11, 12, 5], [3, -12, -11, -2], [-10, -2, 7], [7, 8, 9, -5, -1], [5, 9, -12, -10, -3], [12, 4, -11, -9], [10, -11, -7, -4, -3], [-7, 10, -5, -9], [2, -9, -3, 7], [-8, 1, 5, -11], [-6], [-13]]",1.0,0.244873046875,0.244873046875,1.0,1.0,0.244873046875,T-,T+,0.9978701154346543,0.8557246475911396,351,99,351,99
"[[9, -13, -1, -4, -3, 11, 14, 12, -2, -7], [6, -12, -9, 4, -3, -5, -13, -14, -11, -8, -1], [8, 2, 10, -5, -6, -13, 7, 14], [-11, 1, -13, 12, -5, 8, -2, -10, -6, 14, 4], [13, 10, -14, -5, -2, 6, 12, -8, 4, 9], [-11, -3], [14, 6, 13, -1, 7, -12], [-10, 11, 6, 2, -12, 1, -8, 7, -5, -13, -3, 4, 14], [-8]]",5988,10396,0.634521484375,9,8,"[[10, 12, 14, -5, -3, -1], [4, 5, 14, 7], [-11, -3], [-8]]","[[1, 6, 8, 10, 13, -14, -11, -7, -5, -4, -2], [2, 6, 10, 11, -14, -12, -9, -7, -3, -1], [4, 8, 9, 12, -14, -11, -2, -5, -1], [1, 7, 10, 11, 13, -14, -9, -6, -5, -3, -2], [1, 5, 7, 11, 12, -14, -9, -6, -4, -2], [5, 7, 10, 11, 12, -13, -2, -9, -3, -1], [2, 3, 4, 7, 9, 11, -14, -13, -12, -10, -6, -1], [5, 7, 10, -12, -11, -6, -4, -2], [8, 11, -3], [8, 9, -4], [-7, 3, -2, -10], [-5, 6, -10, 7], [2, 10, 11, -9, -6], [4, 5, 9, 13, -12, -2], [3, 4, 6, 10, -7, -2], [2, 5, 6, 7, -13, -9, -4], [4, 5, 7, 9, 11, 12, -3], [2, 3, 4, -10, -7, -5], [3, 5, 9, 12, -7, -4], [8, -7, -6, 5], [1, 4, 6, -13, -7], [2, 4, 7, 8, 9, 12, -13], [2, 7, 8, 13, -14, -10, -4], [8, 3]]",0.966796875,0.1968994140625,0.966796875,0.966796875,0.8811824900511654,0.2147216796875,T+,T+,0.9866404599405593,0.8713713664868665,176,274,176,271
"[[3, -8, -2, 7, 9, 1, 5, 10, 12, -11, 13, -6], [14, -7, -6, -1, 9, 4, 2, 5, -8, -11, -3], [5, -4, -7, -1, 11, 2, -3, 14, 8, 12, -9], [1, -4, -10, -14, 6, -12, -9, -11, -5, -3, 8, -7, -2], [10, 3]]",12270,4114,0.7489013671875,5,9.8,"[[10, 3]]","[[-8, -5, 14], [-11, -4, 13], [11, 12, -2], [-13, -12, -5], [1, -14, 12, 7], [-8, 12, -11, -2], [1, 8, 11, -12, -9, -4], [-7, -6, -11, 5], [7, 11, -13, -2, -1], [-8, 2, 5, -9], [9, 4, 7], [2, 3, 8, 10, 12, 13, -9, -6, -5], [-10], [-3]]",0.9989013671875,0.17193603515625,0.17193603515625,0.9989013671875,1.0,0.17083740234375,T-,T+,0.9990184202166702,0.8731434669571011,368,82,367,82
"[[7, 14, -6], [6, 8, -2], [-14, -3, 7, -4, -11, -13], [-3, -1, 8, -7, 10, -2], [4, -7, 10, -8, 11, -13, 9, -14, 1, -3], [-13, 14, -6, 8, 12, -9, -4, -3], [1, 4, -10, -7], [4, -13, 3, -7, 10, -8, 6, -11, 9], [5, -7, 12, -10, -4, 8, -11, -6]]",10904,5480,0.66552734375,9,6.333333333333333,"[[12, -13, -11, -6, -4, -3], [3, 4, 6, 9, 10, 12, -13, -11, -8, -7], [7, -14, -13, -11, -10, -9, -8, -5, -4, -3], [4, 8, 9, 10, 13, -1, -7, -6, -3, -2], [1, 4, -7, -10], [-6, 14, 7], [8, 6, -2]]","[[-7, -6, -1], [1, -6, 10], [-8, 6], [8, 11, 12], [-6, -4, -12], [-7, 10, 4, 13], [8, 2, 6], [11, -8, 3, -2], [10, 13, 14, -8, -4], [1, 5, -14, -7, -4], [4, 10, -13, -6, -5], [-3, -11, 14], [-14, 4, -12], [2, 8, 13, -10, -6, -5], [6, 9, 11, -14, -7], [1, 10, -13, -9, -4], [-14, 2, 7], [9, 10, -2, -1], [5, 11, 13, 14, -12, -8, -3, -1], [-11, -10, -9]]",0.97314453125,0.27337646484375,0.27337646484375,0.97314453125,0.9777620061509344,0.25799560546875,T-,T+,0.9802041551995564,0.8288846999051491,347,103,347,103
"[[5, -14], [-3, 14, 6, -4, 10], [-5, 3, 1, 14, -10], [11, 5, 2, -9, -14, 1, 10, -3, -6], [14, 13, -9, -6, 3], [9, -10, 13, -7, 14, 2], [1, -11], [12, -11, -2, 7, -4, 6, 14, 1, -9, 8]]",8048,8336,0.5087890625,8,5.5,"[[3, 13, 14, -9, -6], [6, 10, 14, -4, -3], [1, 2, 3, 6, 12, -10], [2, 9, 14, -10, -7], [1, 3, 4, 9, 12, 14, -10], [1, -11], [-14, 5]]","[[4, 5, 9, 10, 11, 13, -7, -6, -2], [2, 6, 9, 11, 13, -14, -8, -4, -3, -1], [3, -1, -5], [4, -3, -1], [11, 12, -9], [-5, -12, -3], [8, -12, -9], [10, -4, 14, -1], [3, 7, -13, -4, -2], [7, 9, 13, -12, -10], [9, 11, 12, -14, -5], [1, 3, 4, 13, -8], [8, -7, -5, -10], [2, 7, 8, -4, -3], [-14, -13, -9, -8, -5, -4, -2], [12, 13, 14, -5, -2], [2, 6, -13, -11, -7], [4, 9, 10, 14, -3], [1, 2, 5, 7, 12, 13, 14, -10, -6, -4, -3], [-8, -11, -1], [1, 2, 4, 7, 10, -14, -12, -5], [11, 14]]",0.9755859375,0.32293701171875,0.32293701171875,0.9755859375,0.9543005758870519,0.32855224609375,T-,T+,0.9825512087994529,0.8127044890715123,271,179,271,179
"[[2, 13, -10, 6, 11, 5, 4, 8, 9], [2, 4, -5, 10, 14], [-12], [-8, 9, -13, 4, 7, -11, 12, -5], [-13, -8, 11, 3]]",7368,9016,0.55029296875,5,5.4,"[[3, -14, -13, -10, -8], [3, 5, 9, -10, -8, -6, -2], [2, 4, 9, -14, -13, -8], [5, 6, 7, 8, 9, 11, 12, -14, -10, -1], [2, 4, 13, 14], [-12]]","[[1, 3, 5, 6, 8, 9, 10, -14, -11, -7, -4], [1, 3, 5, 9, -13, -11, -10, -7, -4, -2], [-6, 2, -11, -10], [1, 2, 6, 7, 10], [1, 10, 14, -9], [-4, -10, -1], [1, 3, 5, 11, 13, -6], [2, 13, -11, -3, -1], [1, 2, 3, 8, 14, -5], [9, 13, -11, -6, -5, -2], [5, 9, -7, -3, -2], [5, 7, 10, 13, -9, -1], [4, 8, -14, -11, -9, -6], [1, 4, 5, 7, 14, -12, -11, -9, -8, -3, -2], [1, 7, 9, -12, -10, -6, -4, -3], [12]]",0.930908203125,0.23663330078125,0.23663330078125,0.930908203125,0.8447626224566692,0.24298095703125,T-,T+,0.9696530046742275,0.8662442087211241,232,218,232,218
"[[-3, 12, 10], [-11, -10, 5, 1, -12, 8], [-7], [-1, 10, 11, -9, 14, 13, 12, -4, -5, -3, -7, -2, 8], [9, 11, -2, -10, 14, -1, -4, 5, 7, -8, -3], [3, 7, -12, -11], [7, -11, 8], [-9]]",2424,13960,0.85205078125,8,5.25,"[[-11, -6, 13], [9, -13, -11], [7, 9, 10, 12, -3], [8, -5, -10], [3, -12, -11], [8, 10, -5, -4], [-7], [-9]]","[[1, 4, 9, 13, -12, -10, -8, -6, -5], [2, 3, 6, 8, 11, -14, -13, -12, -10, -5, -1], [2, 6, 13, 14, -10, -8, -5, -3, -1], [9, 11, 7], [-8, 9, -11, 7], [2, 6, 10, 14, -11, -8, -4, -3], [11, -14, -12, -4, -1], [1, 7, 13, 14, -4, -3], [1, 4, 6, 9, -8, -3, -2], [2, 3, 9, 11, 13, 14, -1], [3, 4, 5, 11, 13, -12, -2], [3, 6, 10, 12, 14, -8, -5], [5, 9, -14, -11, -8, -6], [1, 2, 7, 11, -6, -5], [5, 7, 14, -11, -8], [4, 7, 9, 10, -12, -11, -5, -3], [1, 2, 5, 11, 12, -10, -3]]",0.94287109375,0.13446044921875,0.94287109375,0.94287109375,0.7046849757673668,0.18890380859375,T+,T+,0.9329457728468593,0.9104963961316658,95,355,95,355
"[[-12, 8, -14], [-10, -8, 11, 13, -14, -7, 6], [5, 4, 9, -7, 14, 10, -11, -3, 6, -8, 2, -1], [8, 14, 11, 2, 3, -12, -5, 10, 1, 4], [10, -1, -2, -13, 3, 9, 4, 12, 6, -14], [8], [9, -1, 7, -8, 10, -3, 13, 2, 6, 11, 4, -12], [2, -9, 13, 14, -12, -4, -7, -3, 8, -11, 1]]",8048,8336,0.5087890625,8,8.25,"[[1, 2, 5, 6, -14, -12, -10], [13, -14, -12, -10, -2, -7, -4, -1], [8]]","[[2, 3, 10, 13, -14, -12, -11, -9, -6, -5, -4, -1], [4, 5, 6, 10, -13, -11, -7, -3, -1], [3, 12, 14, -6, -4], [2, 5, -10, 7], [1, -5, 13, -2], [6, 12, -14, -13, -11, -1], [4, 14, -10, -6, -5], [7, 11, 12, -14, -3], [1, 5, 11, -13, -4, -2], [1, 9, 10, 12, -11, -6, -3], [6, 9, 12, 14, -11, -3, -1], [3, 11, -9, -7, -5, -4, -1], [1, 2, 13, 14], [-2, 6, 7], [-8]]",0.9873046875,0.20654296875,0.20654296875,0.9873046875,0.9760191846522782,0.20361328125,T-,T+,0.9959756844681572,0.8696656960540484,253,197,253,197
"[[-3, -1, -12, -9, 14, -10, -7], [1], [-13, 11, 6, 5, -8, -14, 9, 10, -3, -12], [6, 5, 9, 1, -12, 2, 7, -14, -11, 13, 4], [2, -11, -10], [4, -9, 11, 12, 1, 14, 8, 6, -7, 5]]",7064,9320,0.56884765625,6,7,"[[2, -11, -10, -1], [5, 9, 10, 11, -14, -12, -8, -7, -3, -1], [1]]","[[6, 7, -13, -12, -10, -9, -8, -5, -4, -3], [3, 8, 9, -11, -5], [3, 5, 12, 13, -14, -10, -2], [3, 8, 9, 10, -5, -2], [2, 6, 10, -13, -4, -3], [5, 6, 8, 11, -9], [4, 6, 10, 11, -8, -7, -3], [3, 6, -12, -5, -4, -2], [4, 6, 8, 13, 14, -3], [-8, -6, -13, 4], [2, 5, -11, 6, 12, -3, 14], [8, 9, 13, -14, -10, -7, -5, -3], [-6, 11, -4, 14], [-1]]",0.9931640625,0.199462890625,0.9931640625,0.9931640625,0.9962264150943396,0.194091796875,T+,T+,0.9935275487159649,0.8680886291960638,206,244,206,244
"[[10, 5, 4, -8], [12]]",7680,8704,0.53125,2,2.5,"[[-8, 10, 4, 5], [12]]","[[3, 4, 5, 8, 11, -10, -6, -1], [5, 6, 7, -11, -2, -10, -8, -4, -3, -1], [1, 2, 3, 4, 5, 8, 9, -6], [4, 7, 8, -9, -3], [-11, -1, -9, -7, -2], [7, -8, -6, -5, -1], [2, 4, 9, -11, -10, -1], [-7, 4, -3, -2], [9, -11, -5, -4, -2], [5, 7, 8, 11, -6, -3, -2], [1, 10, 11, -7, -6, -4, -2], [6, 7, 10, 11, -9, -4], [3, 6, 8, 9, -11], [3, 4, -9, -8, -6, -5], [2, -10, -7, 11, -3], [1, 2, -11, 7, -3], [-6, 5, 8, 9, 10, -4, -1], [-12]]",1.0,0.197509765625,0.197509765625,1.0,1.0,0.197509765625,T-,T+,0.9979364390159998,0.8875298484032293,238,212,237,212
"[[-7, -4, 5, -14, -9, -6], [-5, 6, 4, 9, 12, 1, 8], [-7, -11, 1, 3, -10, -5, 9]]",15880,504,0.96923828125,3,6.666666666666667,"[[1, 4, 6, 8, 9, 10, 11, 12, 13, 14, -7, -5, -3], [5, -14, -9, -7, -6, -4], [1, 3, 9, -11, -10, -7, -5]]","[[1, 3, -5], [11, 4, -3], [-3, -11, 14], [-8, -14, -12, -11], [-8, 1, -6, 9], [1, 8, 12, 13, -7], [-4, 6], [-2, -1], [2], [-10], [7]]",0.9927978515625,0.0411376953125,0.0411376953125,0.9927978515625,0.9982078853046595,0.0340576171875,T-,T+,0.9944199853201493,0.9775892801207421,441,9,441,9
"[[-4, -10, 13, -1, -2, 6], [-10, -7, 4, 8, -12, 11, -13, 5, -14, -2, 9], [12, 8, 11, 7], [-7, -13, -10, 1, -8, 2, 12, -3, -6, 4, 14], [-11, -10, -4, 13, 3], [10, -12, -11, 9, 8, -13, 14, 3, -2], [-2, 1, 7, 8, -10, -4, -14, 3, -13, -11, -9], [13], [-3, -11, -2, 1, -10, -13]]",7368,9016,0.55029296875,9,7.111111111111111,"[[1, 7, -11, -10, -3, -2], [8, 11, 12, 7], [1, 6, -11, -7, -5], [13]]","[[8, 9, 12, 14, -11, -10, -5, -4, -2], [1, 3, 8, 9, 14, -11, -10, -6, -4], [1, 2, 7, 10, 14, -11, -4], [3, 10, -12, -6, -2], [-7, -9, 14, -2], [2, 8, -11, -10, -5], [1, 8, 11, 14, -7, -4], [1, 3, 7, 12, 14, -8], [11, 14, -8, -5, -4, -2], [1, 10, 11, -8, -7, -6], [1, 7, -14, -9, -4], [2, 3, 4, 6, 9, -14, -12], [5, 9, -11, -7, -4, -3, -2], [2, 8, 10, 12, -4, -1], [-14, 2, 5, 7], [3, -11, -9, -8, 10, 12, -2], [-13]]",0.977294921875,0.19793701171875,0.977294921875,0.977294921875,0.9330316742081448,0.20233154296875,T+,T+,0.9906391544021602,0.878698284016409,224,226,223,225
"[[13, 2, -9, -3, 14], [11, 10, 13, 4, 9, 12, 5, 8, 2], [-14, 1, 7], [12, -10, -14, -6, 4, 1, 9, -8, 7, 2, -3], [-10, 12, 11, -2, -3, 9, -13, 14, 7, 6], [-6, 9, -11, -2, -3, 10, 4], [10, -14, 4, -8, -9, -2, -11, -13], [13, 11, -12, -2, -6, -7, -9], [14, -12, 11, 4, -13, -2, -7, 8, 9, 6, 5, 1]]",13488,2896,0.8232421875,9,8,"[[1, -14, 7], [2, 13, 14, -9, -3], [8, 11, 13, -12, -10, -9, -6, -2]]","[[3, 4, -9], [11, 12, 14], [-5, -10, 7], [-13, -4, -2], [-7, 6, -10], [11, -8, -7, -5, -1], [8, 12, -14, -3, -2], [1, -2, -9], [-8, 5, 13], [-13, 14], [10, -12], [9, -6, -1], [10, -9], [-11], [2]]",0.97998046875,0.18170166015625,0.18170166015625,0.97998046875,0.9932960893854749,0.16387939453125,T-,T+,0.995933946321732,0.8887988863590768,402,48,402,48
"[[7, -12, -3, 8, 13, -11], [-12, 6, -13], [10, 1, 2, 8, -9, -4], [4, 6, -13, 1, -5, -10, -11, 3, -9, -8], [6], [8, 12, 1, -4, 9, 13, -2, -11]]",7908,8476,0.517333984375,6,5.666666666666667,"[[8, -11, -4, 13], [1, 2, 8, 10, -9], [2, 8, 9, 13, -12, -11, -10], [6]]","[[1, 4, 7, -13, -12, -11, -10, -9, -8, -3, -2], [1, 3, 4, 10, 11, 12, -13, -9, -5, -2], [4, 5, 7, 13, -12, -11, -2, -9, -8, -3, -1], [5, 7, -12, -4, -2], [8, 3, 5, -10], [2, -11, -10, -1], [-7, -5, 13, -9], [11, -13, -12, -9, -4], [3, 5, 11, 13, -7, -4, -2], [2, 10, -13, -12, -11, -8, -7], [8, 11, -12, -9, -7], [3, -11, -10, -5, -4], [2, 7, 9, 10, -3], [-12, -10, -5, 8, 11, -4, -1], [7, 11, 12, -9, -8, -5, -4, -2], [9, 3, 13, -1], [1, 5, -11, 7, 8, 12, -2], [2, 6, 12, -13, -10, -8, -7, -4, -3], [-6]]",0.964111328125,0.201904296875,0.201904296875,0.964111328125,0.8586497890295358,0.2314453125,T-,T+,0.974113532621404,0.8680837420550683,239,211,238,210
"[[-10, 3, 8], [1, -9, 8, 12, -7, 5, -11, -3, 13, 6, -14, 4, -10], [-10, -13, -6, -4], [-14, 10, 2, -5, -7, -4, -12], [-2, 5, 7, 6, 11, 12, 10, 9]]",13374,3010,0.8162841796875,5,7,"[[-6, -13, -4, -10], [1, 2, 6, 9, 10, 11, -14, -13, -12, -7, -5, -4], [8, 3, -10]]","[[-13, 6, 7], [-6, -13, -2], [11, 5, -9], [1, -11, -9], [9, 2, 12, -11], [5, 3, 4, 12], [7, 13, -14, -12, -1], [9, 11, -1], [3, 2, -13, 14], [11, -12], [-4, 14], [-8], [10], [-3]]",0.9884033203125,0.16162109375,0.16162109375,0.9884033203125,1.0,0.1500244140625,T-,T+,0.9955744296086023,0.8932328668589055,396,54,395,54
"[[-10, -7, -4, 11], [-1, 4], [-2, -4, -3, 13, -10], [4, -11, 9], [2, 1, 5, -8, 12, 4, -3, 6, 7, 11], [-11, 7, 8, -1, -6, -12, -10], [-5, -11, 14, 10, -7, -6, 8, -1, -3], [-9, 10, 7, 4, -1, 5, 11, 14]]",9768,6616,0.59619140625,8,6,"[[3, 7, 8, 13, -14, -12, -11, -10, -9, -6, -5, -4, -1], [9, 4, -11], [-10, -3, -2, -1], [8, 10, -1, -6, -3, -2], [5, 7, 11, 13, 14, -10, -4, -3, -2], [-7, 11, -4, -10], [4, -1]]","[[4, 5, 13, 14, -12, -11, -8, -7, -3, -2], [3, 7, 10, 11, -13, -12, -2, -8, -1], [10, -4, 6], [-6, 3, 7], [2, -6, -4], [-14, -4, 13], [8, -12, 6], [3, 5, -13, -12, -11], [5, 11, 14, -6, -3], [2, 5, 6, 7], [8, 12, 14, -13, -4], [6, 9, 13, -8, -5, -2], [-8, -14, -3, -9], [8, -6, -10, -2], [2, 3, 6, -13, -7], [3, 7, 12, -10, -5], [9, -14, -12, -11, -10, -4], [3, 14, -8, -7, -5], [8, 11, 12, -3, -2], [12, 14, -9], [1]]",0.9664306640625,0.31976318359375,0.31976318359375,0.9664306640625,0.9606995480448025,0.31060791015625,T-,T+,0.9811162977484742,0.8227101135587791,306,144,306,144
"[[-10, -1, -14, 11, 12, -7, -5, -4, -3], [-5, -6, 4, 10, 13, -3, -2, -7, 12, 8, 14, 9, 1], [-5, 4, 11, 9, -6, -12, -2], [14, 10, -7, -9, -6, -5, -3, -13, -2, -1]]",16206,178,0.9891357421875,4,9.75,"[[4, 9, 11, -12, -6, -5, -2]]","[[-5], [5]]",0.9969482421875,0.0108642578125,0.0108642578125,0.9969482421875,1.0,0.0078125,T-,T+,0.9980936298427682,0.9867736092263565,445,5,445,5
"[[13], [-7, 1, 14, -11, -12, -9, -4, 13, -10, 3, -8, 5, -2], [-3, -9, -5, -1, 2, -8, -14, -7], [12, 3, 8, -1, -2, -9, -6, 7, -13, -4, 14], [-1, -6, -9, -8, -2], [10, -13], [-13, -3, -5, 11, -14, -6, 8, 2, -4, -10], [7, 14, 8, 4, 3, -12], [12, 2, -11, -13, 7, 4, -1, 14, -9, -10, -8]]",3860,12524,0.764404296875,9,7.444444444444445,"[[7, 11, -9, -6, -5, -2], [13], [10]]","[[1, 2, 4, 8, -14, -11, -10, -9, -6, -5, -3], [2, 5, 6, 7, 8, -11, -10, -4], [5, 7, 9, 11, 14, -13, -12, -8, -6, -3], [6, 9, 12, -13, -11], [1, 2, 9, -11, -8, -7], [4, 6, 7, -9, -2], [4, 8, -12, -10, -7], [2, 3, 6, -8, -7], [2, 7, 14, -13, -12, -8], [8, -13, -12, -11, -7, -6, -3], [5, 6, 8, -13, -4, -3], [3, -14, -6, -5, -4, -2], [3, 4, 7, 9, 11, 12, -13, -6], [1, 6, 8, 9, 12, 14, -11], [1, 5, 11, -12, -9, -6, -2], [14, -11, -8, -7, -4, -1], [-13, -10]]",0.9840087890625,0.15374755859375,0.9840087890625,0.9840087890625,0.9808265871325096,0.14324951171875,T+,T+,0.9899628844193145,0.9133849795086074,141,309,141,308
"[[-5, -8, 10], [5, -10, 13, 12, -4, 6, 14, -7, -2, 11, 9]]",14328,2056,0.87451171875,2,7,"[[-8, 10, -5]]","[[9, -12, 7], [3, 12, -14, -13, -2], [2, -12, 14], [12, -2, 6], [6, -9], [-8, -6, 12, -3], [5], [1], [-10], [8]]",0.99951171875,0.10302734375,0.10302734375,0.99951171875,1.0,0.1025390625,T-,T+,0.9988203687959764,0.9334677316977293,411,39,411,39
"[[-1, 3, -4, 5, -2, 12, 14], [6, -10, 1, 11, 12, -2, -8]]",16128,256,0.984375,2,7,"[[3, 5, 12, 14, -4, -2]]","[[-11], [11]]",0.9853515625,0.015625,0.015625,0.9853515625,0.53125,0.015625,T-,T+,0.9908584612391209,0.9869243469472938,445,5,445,5
"[[12, 9, 5, -1, -7, 6, 4, 2, 10, 3, -11, 14, -8], [-12, 2, -6], [-13, -7, -5, 4, -3, -2, 11, -6, -9, -10, 12, 1], [14, -10, -8, -2, -6, -7, -3, -1], [-4, -12, 14, -6, 13, -8, 1, -7, -10], [2, -9, -10, 7, -5, 13, 3, -14, -6, -1, -4, 12, 8], [-5, -12, -2, -13, -11]]",13740,2644,0.838623046875,7,9,"[[2, -6, -12], [-13, -12, -11, -5, -1], [1, 9, -14, -13, -12, -11, -8, -5, -3, -2]]","[[-8, 5, -11], [-7, 11, -4, -3], [5, 8, -11, -6, -1], [-8, 10, -1, 7], [9, 3, -4, -10], [-7, 2, 3, -9], [-14, 13], [12], [-2], [6]]",0.972412109375,0.1097412109375,0.1097412109375,0.972412109375,0.920099875156055,0.0977783203125,T-,T+,0.9929208358263056,0.9280021323709432,394,56,394,56
"[[-10, -13, -14, -8, 1, -9], [4], [3, -7, -4, 13, 1, -10], [12], [-4, -1, 13, 10, -3], [5, 11, 7, 9, 2, -13], [5, 4, 12, -14, -6, -9, -11, 3, 13, -10]]",3584,12800,0.78125,7,5,"[[10, -12, 13, -9], [2, 7, 9, 13, -11], [6, 7, -13, -11, -8], [3, 5, 6, 9, -11, -10, -7], [12], [4]]","[[1, 2, 7, 9, 10, 13, -14, -12, -11, -8, -5, -3], [3, 5, 6, 7, 8, 10, 11, -13, -9, -4, -2], [-14, -13, -12, -9], [1, 8, -14, -7, -6, -2], [3, 11, -14, -13, -8, -4, -1], [1, 5, 14, -12, -8], [1, 6, -11, -5, -4, -3], [2, 3, 7, -10, -9, -4], [11, -1, -9, -5, -3, -2], [3, 5, 13, -14, -12, -11, -10, -7, -1], [7, 9, 10, 11, 14, -5, -4, -1], [2, 5, 11, 13, -7, -4, -3], [-4, -12]]",0.939453125,0.1260986328125,0.939453125,0.939453125,0.7281223449447749,0.1436767578125,T+,T+,0.9663592991389125,0.9389200318475661,115,335,115,335
"[[-8, 12, -10, 7, -4, 9, 14, -11, -3, -1, 2], [9, -2, 13, -8, -5, 11], [-8, 3, 11, 9, 4, 1, 14, 5, 2, 6], [6], [8, 2, 11, -6, -5, -3, 10, 1, 13, 14, -9], [6, 13, -14], [1, -11, -7, 5, -13, -12, -10, 14, -6, -9, -8, 3, -4], [4, 11, 12, 13, 6, 2, 14, -7, 9], [-13, 7, 14, -5]]",7539,8845,0.53985595703125,9,7.555555555555555,"[[10, 14, -13, -1, -5, -2], [1, 7, 14, -10, -9], [2, 9, 12, 14, -11, -8, -5], [6]]","[[8, 9, 12, -2, -10, -7, -4, -3, -1], [2, 3, 5, 12, 14, -13, -11, -10, -9, -8, -7, -4, -1], [4, 5, 8, 10, 12, 13, -14, -9, -1], [7, 9, 12, -14, -5], [1, 3, 5, 10, 13], [1, 12, 14, -8, -7], [12, 13, -14, -10, -5, -1], [5, 10, 14, -11, -3, -1], [1, 2, 8, -13, -12, -4], [1, -14, -13, 9], [4, 7, 8, 9, 13], [2, 4, 11, 14, -12, -8, -5], [-11, -10, -5, -3, -2], [-13, -8, 10, -5, -1], [3, 4, 6, 7, 10, 11, 12, -8, -1], [2, 3, -14, -12, 6, -7, 11], [-6]]",0.95050048828125,0.18438720703125,0.18438720703125,0.95050048828125,0.8924005681818182,0.171875,T-,T+,0.9879938182818403,0.9260407646750712,238,212,238,212
"[[-8, -7, -12, -4, 10, -1, -5], [-1], [2, 1, 5], [-2, 7, -13, 6, 4, -10, 3], [2, -12, -5, 8, -10, -14, -3, 7, 11, 13], [5, -3, -4, -13, -6], [11, 4, 9, 8, 6, -3, 7, 13, -14], [6, 2, 13, -3, 4]]",5810,10574,0.6453857421875,8,5.875,"[[1, 5, -13, -6, -4, -3], [6, 8, 11, -14, -12, -10], [6, 9, -13, -11, -10, -8, -2], [1, 2, 4, 6, 13, -3], [2, 5], [-1]]","[[1, 4, -10, 14], [1, 7, 10, 14, -13], [7, 8, 9, -6, -5, -3], [3, 4, 8, 9, 11, -12], [1, 5, 11, 12, -14, -8, -6, -3], [6, 12, -14, -13, -11, -10, -4, -3], [3, 11, -14, -12, -6, -4], [1, 2, 11, 13, -8, -7], [6, 9, 14, -13, -12, -10, -3, -2], [3, 5, 6, 10, -12, -8, -2], [3, 5, 9, 13, 14, -6, -2], [-8, -4, 6, -9], [3, 8, 11, 12, -14, -10, -5, -2], [1, -2], [3, 7, 12, 13, -14, -11, -9, -6, -4, -1], [3, 4, 5, 6, 13, -11, -10, -9, -2], [8, -7, -5], [1, -5]]",0.9876708984375,0.1885986328125,0.9876708984375,0.9876708984375,0.9558080808080808,0.193359375,T+,T+,0.9834506629399659,0.8874253442291322,175,275,175,275
"[[3, -4, 10, -1], [-6, -14, 2, -5, -7, 12, -8, -11, 13, 3]]",15346,1038,0.9366455078125,2,7,"[[10, 3, -4, -1]]","[[-8, -12, -2], [1, 3], [12], [-3], [-14], [-10], [4, 7], [-7, -13], [11, -2, -9], [8, -11]]",0.9991455078125,0.0599365234375,0.0599365234375,0.9991455078125,1.0,0.05908203125,T-,T+,0.9986238122501849,0.957289418610552,432,18,432,18
"[[5, -7, 13, 14, 6, -8, -1, -12, -2, 3, -11], [10, -13, -12, -4, 9, 6, 11, -7, 2, -14, -8, -5, -1], [-13]]",8184,8200,0.50048828125,3,8.333333333333334,[[-13]],"[[1, 9, 11, -8, -4], [2, 6, -12, -11, -10, -4], [5, 7, -8, -6, -2], [8, 10, -4, -2], [4, 10, 11, 14, -6], [2, -10, -9, -6, -1], [4, -8, -7, -5, -1], [11, 14, -12, -1, -6, -4, -2], [2, 6, 7, -9, -8, -4], [3, 7, 11, 12, -14, -1], [5, 8, 10, 11, 14, -9], [4, 5, 7, -11, -10, -2], [2, 5, 6, 9, -12, -3], [5, 6, 11, -14, -9, -7], [2, 7, 8, 9, 11, 14, -13, -6, -4], [2, -14, -12, -13, -10, 8, -1], [2, 3, 7, 9, 14, -13, -12, -10, -8, -5], [13]]",0.99951171875,0.1595458984375,0.1595458984375,0.99951171875,1.0,0.1590576171875,T-,T+,0.999217674659872,0.90755645620251,247,203,247,203
"[[6, 2, 3], [-8], [-9, 3, 11, -14, -7, 2, -4, 10], [-12, -3, -4, -14, -10, -7, 13], [-2, 14, 11, 1, -4, 10, -3, 13, -8, 9], [-1, 13, 3, 2, -6, -10, -5, -11, -4, -9, -7, -12], [1, -8], [-1, 2, 9, 12, -5, -3, 10, 11, -4, -14]]",7078,9306,0.5679931640625,8,6.625,"[[8, 2, 3, 6], [2, 3, -12, -9, -7, -5, -4], [8, 9, -14, -12, -11, -7, -6, -5, -3], [-8]]","[[2, 4, 5, 6, 10, 12, 14, -11, -9, -1], [1, 4, 5, 9, 10, 11, 12, 13, 14, -7, -3, -2], [8, 2, -3], [-6, 3, 14], [2, 5, 7, 12, -14, -11, -6], [8, 13, -5, -11], [-11, -10, -9, -5, -1], [1, 2, 3, 8, 11, 12], [9, 10, 5, 7], [3, 5, 8, -12, -11, -1], [9, 11, -13, -10, -7, -4], [6, 9, 12, -14, -7], [1, 13, -14, -12, -6], [2, 4, 10, -12, -9, -7, -3], [7, 8, 10, 11, -12, -9, -4], [6, 10, -11, -2, -9, -4, -1], [6, 7, -10, -2, -3, -1], [8, -6, 4], [8, -2]]",0.9918212890625,0.196533203125,0.196533203125,0.9918212890625,0.9827909887359199,0.195068359375,T-,T+,0.9898221154230068,0.9091720319604811,231,219,231,219
"[[12, -3, -2, 11, 1, 4, -5, -14], [10, -12, 14, 7, -4, -13, -1, 6]]",16256,128,0.9921875,2,8,"[[6, 7, 9, 10, 14, -13, -12, -2, -5, -4, -3, -1]]","[[-6], [6]]",0.992431640625,0.0078125,0.0078125,0.992431640625,1.0,0.000244140625,T-,T+,0.9974047240450534,0.9962130515726301,449,1,448,1
"[[3, 1], [2, 9, -14, -12, 1, 11, 3, 4, -5, -8, -10], [14, 9, 10], [3, 8, -14, -1, 10, -11, -5, -2, 9], [4, 10, -9, -7, 2, -11, -12, -13], [1, 12]]",8880,7504,0.5419921875,6,5.833333333333333,"[[1, 2, 4, 5, 10, -14, -13, -11, -9, -8, -7, -3], [9, 10, 14], [1, 3], [1, 12]]","[[2, 3, 5, 7, 11, -14, -13, -9, -4], [2, 3, 4, 10, 11, 14, -9, -8, -6], [-14, -12, -3], [14, -1, -9], [9, -10, 14], [-14, -13, -1], [8, 10, -13, -11, -5], [1, 13, -12, -11, -9, -7], [8, 5, -3, -1], [7, 11, 13, -14, -8], [2, 8, -6, -5, -4], [7, 9, 11, -10, -5, -2], [4, 7, 8, 10, 14, -12], [2, 4, -9, -8, -3], [4, 7, 12, -10, -6, -3, -1], [5, 8, 14, -10, -6, -4, -2], [5, 12, 13, -10, -8], [3, 11, 14, -13, -12, -8, -4, -1], [4, 5, 9, -7, -2], [3, 4, -12, -11, -2, -7, 14], [-13, 6, -8, -5, -4], [-5, -4, 6, -2], [1, -13, -12, 5, 7, 9, -3], [-3, 13, 6], [2, 3, 4, 8, 11, -12, -10, -9, -5], [2, 4, 5, 7, 10, -11, -6, -3], [3, 13, -1]]",0.9952392578125,0.2379150390625,0.2379150390625,0.9952392578125,0.9994769874476988,0.2333984375,T-,T+,0.9953737928074339,0.8534830792074036,277,173,277,172
"[[7, -2, -1, 8, 14, 5], [3, -1], [8, -7, 4, 13, -1, -6, -11, 9, -14], [13, 10, 12, 9, 7, 5, -3, -6, 11], [-11, 9, 5, -2, 7, 6, -10, -3, -13, 12]]",12100,4284,0.738525390625,5,7.2,"[[3, -1]]","[[-5, 4, 7], [-7, -14, 12, 13], [-8, 11, 13], [-13, 12, 6, -10], [8, -7, -11, 5], [2, 11, -12, 7], [8, 9, -6, 12], [6, 7, 10, 12, 13, -1], [12, 13, 14, -11, -6, -5], [-7, 2, 5, -9], [10, 13, -14, -8, -7, -4], [4, 5, 7, -14, -13, -11], [2, 10, 11, 12, -6], [10, -13, -12, -11, -2], [1], [-3]]",0.988525390625,0.15380859375,0.15380859375,0.988525390625,1.0,0.142333984375,T-,T+,0.9990173236715871,0.8903342818363279,346,104,344,104
"[[-4, -6, -13, 12, 11, 3, -10, 9, 1, -7, 5], [-3, 13, 5, 14, 12, 1, 9, 2, 11, 6, -8], [-9, 3, -2, -12, 13, -7, 5, -1, 8, -6], [-6, -3, 5, 4, -2, -12, 7, -11, -13, 8, 1, -14, 9], [-14, -6, -3, 11, 1, 5, -12, 10, 4, -13, 7], [14, 6, 12, 7, 9, 5, -8, -4, 11, -3, 10], [11, 7, -9, 14, -6, -3, 10, 2, 13, 4, -5, -1, 12]]",16333,51,0.99688720703125,7,11.428571428571429,None,None,nan,nan,nan,nan,nan,nan,nan,nan,nan,nan,450,0,450,0
"[[9, 1, 5, 11, 7, 2, 12, 3, 8, 6, -4, 14], [8, 5, 12, -3, -7], [13, 8, -7, 4, 3, 14, 5, 2, -1, -9], [-5], [-7, -2, 3, -5, -4, 10, -6, 13], [9, -6, 12, -11], [-9, -10, 3, -8, -7, -4, -1, 5, -13, -6, 14, -12], [-7, -6, -11, -10, 14, -12, -5, -2, 4, -13], [8, -11, -12, -10, -5, -9]]",7208,9176,0.56005859375,9,7.555555555555555,"[[8, -7, 12, -3], [9, -6, 12, -11], [-5]]","[[-3, -4, 13, -9], [3, 4, 7, -13], [11, 13, -1, -10], [2, 6, 10, 12, -4], [4, 6, 10, 14, -8, -7], [1, 6, 9, 12, -11], [4, 7, 9, -6, -3], [3, 12, -11, -9, -1], [1, 3, 12, -14, -4], [1, 10, 12, 14, -8, -3], [3, 9, -13, -12, -6, -4], [6, 7, 11, 14, -13, -1, -8, -5, -4, -3, -2], [5]]",0.99853515625,0.2353515625,0.2353515625,0.99853515625,1.0,0.23388671875,T-,T+,0.9972098959146226,0.867973344817511,229,221,229,221
"[[10, 4], [-9, 10], [11, -4, -2]]",8704,7680,0.53125,3,2.3333333333333335,"[[11, -4, -2], [10, -9], [10, 4]]","[[6, 8, 9, 11, -5, -4, -3, -1], [5, 6, 9, 10, -2, -8, -3, -1], [3, 7, 9, -8, -5, -1], [-5, -11, -10], [9, 2, -4], [5, -10, -9], [8, 2, 11], [-4, 6, 7], [-8, -7, -4], [-8, 9, 5, 7], [1, 8, 9, -11, -7], [1, 6, -9, -3, -2], [1, 2, 5, 7, -8], [3, 5, -11, -9, -1], [1, 9, 10, -11, -8], [-7, -3, -4, 5], [2, -6, -5, 9, 10, 11, -1], [-8, -7, -3, 1], [-6, -3, -2, -10], [-10, 7], [-4, -11, -2], [3, 6, 8, 11, -9, -7, -5, -1], [6, 8, 10, 11, -1, -7, -5, -3, -2], [-11, 7, 9, 10, -5, -1], [4, -10]]",1.0,0.28515625,0.28515625,1.0,1.0,0.28515625,T-,T+,0.9651507864612857,0.8186178193028547,292,158,288,158
"[[-4, 13], [2, 13, 9, -4, -12, -8, 3, -11, 5, 10], [-14, 7, -1, -9, 12, 11, 4, -5, -13, 3, 10, -8, 6], [12, -14, 5], [-12, 4, -7, -11], [3, -1, -6, -11], [-4, -8, 3, 11, 1]]",8958,7426,0.5467529296875,7,5.857142857142857,"[[-14, 12, 5], [-7, 4, -12, -11], [-6, 3, -11, -1], [1, 3, 11, -13, -10, -8, -4], [-4, 13]]","[[2, 4, 14], [-13, 14, -2], [-14, -5, 4], [-12, -10, 6], [8, 4, -2], [-11, 2, -3, -1], [8, 10, 12, -6, -1], [1, -6, 5, 14], [1, -14, -13, -10, -5, -3], [3, 8, 10, -14, -9, -5], [3, 4, 6, 9, 10], [1, 3, -9, -13], [-8, -14, 4, -12], [4, 5, 9, 11, -6], [1, 3, 5, -10, 9, -6, 13], [-14, 10, -12, -2], [2, 5, 6, 8, 10, 12, -7, -3], [1, 13, -10, -9], [4, -7, -6, 11, 12], [2, -13, -4], [11, -3, -1], [3, 7, 9, 12, 13, -14, -10, -5], [-8, 6, 14]]",0.9930419921875,0.332763671875,0.332763671875,0.9930419921875,0.9992517770295548,0.3262939453125,T-,T+,0.9897101241034333,0.8054269423556377,302,148,302,148
"[[-3, 11, 8, -9, -10, 14, 1, -5, 12, -4, 2, -6, 13], [-10, 6, 8, 13, 1, 2, 4, 5, 11, 14, 7, 9], [4, 5, -10, 9], [1]]",7680,8704,0.53125,4,7.5,"[[9, 4, 5, -10], [1]]","[[8, -2, -1], [-8, 9, -1], [2, 8, 9, 11, -1], [3, 5, 8, -13, -11, -10], [-5, 4, 6, 7], [-11, -6, 13, 14], [3, 5, 9, 11, -13, -4], [-7, -13, -1, 14], [5, 8, 13, -14, -10, -6, -4], [8, 11, 13, -4, -2], [3, 4, 9, -7, -6, -5], [3, -12, -1, 7], [4, 8, 13, 14, -9], [2, -11, -10, -9, -7], [4, 11, 14, -13, -10, -5, -3], [5, 9, -11, -6, -4, -1], [-14, -6, -12, -9], [5, 11, 12, -13, -9, -8, -7, -3], [3, -14, 2, 6], [-1, -9]]",1.0,0.2216796875,1.0,1.0,1.0,0.2216796875,T+,T+,0.9982156664795512,0.8882101742703716,224,226,224,226
"[[-10, -2, -13, -4, -7, -6, -5, -1], [2, -11, -6, -5, 1, -13, 10, -12, -8, -4, -3], [3, 4, -5, 14, 2, 13, -11, 1]]",16248,136,0.99169921875,3,9,None,None,nan,nan,nan,nan,nan,nan,nan,nan,nan,nan,450,0,447,0
"[[1, 8, 5, -6, 10, -2, -7, -3, 13, 4], [-14, 3, -10, 12, 8, -5], [3, -7, 5, -10, -12], [-12, 6, -14, 10, 4, 9, -11, 3, -1]]",15568,816,0.9501953125,4,7.5,"[[3, 4, 8, 12, -14, -10, -5], [3, 5, -12, -10, -7]]","[[8, -12, 6], [-3, -10], [-14, 10], [14], [9], [13], [5], [11, -1], [-8]]",0.9892578125,0.04833984375,0.04833984375,0.9892578125,0.963855421686747,0.04052734375,T-,T+,0.9969137769754196,0.9785212084524306,441,9,441,9
"[[-6, -11, -7, -12, 5, 4], [-9, 8, 14], [-6, 9, 1, -14, 13], [-5, -1, -13, 10], [1, -9, -10, 14, -12, 7], [-4, -7, 11, -2], [7, 2, 13], [9, -6, -2, -14]]",9560,6824,0.58349609375,8,4.375,"[[8, 14, -9], [-7, 11, -4, -2], [10, -5, -1, -13], [9, -6, -14], [-13, 4, -12, -11, 8, -3, 14], [2, 13, 7]]","[[-7, 2, -14], [2, -13, 7], [-4, -1, -9], [-3, 5, -10], [8, 10, 13, -2], [-8, 3, 12], [10, -13, 4, -1], [1, 10, -12, -4, -2], [3, 4, 5, 8, -10], [-7, -5, -12, -1], [-3, -10, -5, 13, -2], [-8, 10, 5, 7], [11, -7, 3, -13], [-6, 11, -9], [9, 14], [3, -13, 5, -6, 11], [2, -6, -4, -5], [-14, -11, -2]]",0.9482421875,0.37237548828125,0.37237548828125,0.9482421875,0.9008087898672363,0.39996337890625,T-,T+,0.9550519815747295,0.7286062110984117,291,159,291,159
"[[4, -5, -2, 14, 10, 8, -11, -1, -13], [12, 14, 10, -11, 9, 6, -4, -8, -13, 2, -3, 7, -1], [13], [8, 7, 10, -11, 14, 2, 4, -13, 6], [-7, -2, 6, -10, -3, 14]]",7998,8386,0.5118408203125,5,7.6,"[[1, 6, 8, -10, -4, -3, -2], [13]]","[[10, 2, 3, 12], [-5, -3, -10, 7], [-6, -12, -3, -2], [11, 12, 5, 7], [2, 6, 10, -7, -1], [8, 11, 12, -14, -7, -4, -1], [4, -12, -11, -10, -8, -5], [5, 12, -10, -9, -8], [6, 11, -14, -9, -5], [3, 8, -7, -6, -5, -2], [4, 5, 7, 8, -12, -11], [7, 8, -11, -10, -6, -4], [7, 11, -14, -5, -3, -2], [3, 7, 10, -14, -8, -4], [1, 4, 6, 7, 10, 14, -11, -2], [9, -5, -12, -4], [5, 6, 8, 9, 11, 12, 13, -10, -1], [-13]]",0.9862060546875,0.2225341796875,0.2225341796875,0.9862060546875,0.9863481228668942,0.214599609375,T-,T+,0.994955686015089,0.8984172167220661,248,202,247,202
"[[6, 4], [11, 4, 9, -12, 14, -8, -3], [12, 1, -4, -3, -2, 6, -7, -14, 8, -5, -9, 13, -10], [6, 3, 10, -9, -12, -8, 2], [2, 3, -8, -12, 11, -13, -4, 6], [9, 8, 4, 12, 14, -7, 13, -6, -2, 1, 3], [-6, 11, 13, 8, -7, -9, -5, -12, 1], [4, 14, 9, -2, -1, -6, -10], [5, -3]]",8938,7446,0.5455322265625,9,7.333333333333333,"[[1, 4, 7, 9, 10, 11, 14, -13, -12, -8, -6, -3, -2], [4, 8, 9, 14, -10, -6, -2], [4, 6], [-3, 5]]","[[4, 12, -14, -11, -10, -9, -8, -7, -3], [2, 6, 8, 9, 10, -11, -7, -4], [2, -6, 4], [-8, -5, -2, 7], [1, 2, 10], [8, -6, -11, 14], [3, 9, 11, -8, -1], [13, -14, -12, -10, -2], [1, -6, 13, 14], [4, 8, -14, -6, -5, -1], [9, -5, -11, -7], [1, 7, 8, 12, -13], [10, 14, -7, -5, -3, -1], [8, 9, 12, 14, -11], [3, -6, -13, -12], [-8, -6, -13, -10], [-5, -4], [1, 4, 6, 8, 11, 12, -13, -10, -9, -7, -2], [3, -4, 5], [1, -3, -13, -8, 9, 12, -7], [2, 6, 7, 8, 12, -14, -11, -9, -3, -1], [10, 13, -2]]",0.98358154296875,0.24957275390625,0.24957275390625,0.98358154296875,0.9882413087934561,0.23876953125,T-,T+,0.9851101367194102,0.8426722861241746,251,199,251,199
"[[-14, -8, 13, 6, -10, -3, 4, -9, -7, 5, 2], [-9, -13, -8, 4, 5, 1, -14, -7, -3, 10, 12, -11], [6, 2, -10, -5, 3, 14, 4, 11, 1], [-8, 6], [2, 9, -10, 1, 3, -7, 13], [-8, -11, 12, 6, 5, -2, -13, 9, -4, -1], [-3, 1, -7, 10, -6], [5, -6, 11, -10, -13, -7, -9, 12, 1, -4, -2]]",11658,4726,0.7115478515625,8,8.375,"[[1, 2, 3, 8, 9, 11, 12, 13, -14, -10, -7, -6, -5, -4], [1, 10, -7, -6, -3], [-8, 6]]","[[1, -14, -12], [4, 9, 11, 12, -1], [10, 11, -4, -2], [10, 12, 13, -14, -11], [1, 4, 12, 14, -3], [9, -4, -11, 1], [3, 14, -13, -10, -7], [5, 11, -10, -7, -2], [2, 11, 4, 7], [4, 5], [-14, 5, -11, -8, 9, 10, -2], [-5, -3, -1], [-6], [8]]",0.99285888671875,0.20166015625,0.20166015625,0.99285888671875,1.0,0.19451904296875,T-,T+,0.9954515959974071,0.8623787658728751,355,95,355,95
"[[2, -3, 13, 5, 6, 12, -1, -11, -10, 7, 4, 8, 14], [10, 14, -8, 7, 6, 13, 3, 12], [12, -8, -10, 1, -9, -3, 7, 6, -2], [-7], [-4, 3, -9, -2, -6]]",7838,8546,0.5216064453125,5,7.2,"[[1, 3, 7, 8, 14, -12, -11, -10, -9, -6, -4, -2], [3, 10, -14, -4, -1], [3, 6, 12, 13, -8, -5, -1], [-7]]","[[1, 3, 9, 12, -14, -11, -10, -8, -6, -5], [2, 6, 8, 12, 14, -13, -10, -9, -5, -3, -1], [5, 9, -11, -10, -4], [6, 9, 13, -11, -8, -3], [1, 3, 4, -6, -2], [1, 10, -2, -9], [2, 8, 14, -13, -10, -6], [-8, 1, 2, 10], [2, 9, 11, 12, -10, -3, -1], [5, 10, 11, -9, -4], [1, 8, -11, -10, -4], [11, -5, -4, -10], [4, -12, -10, -8, -5, -1], [3, 4, 8, 14, -11], [5, 12, -13, -6, -1], [6, 10, 14, -11, -8, -7, -4, -3, -1], [4, 5, 6, 9, 10, 12, 13, 14, -2], [8, -14, 11], [7]]",0.9654541015625,0.257080078125,0.257080078125,0.9654541015625,0.9367513176808816,0.2547607421875,T-,T+,0.9893263700636372,0.8583922891106396,255,195,255,195
"[[-3, 7, 11, -1, 5, 10, -2, 12, 4, -14, 9], [-12, 6, -2, -14, -4, -13, 11], [-4, -9, 12, 6, -5, -13, 7, -14, 1], [-4, -6], [6, -9, 4, 10, -12, -14, 2, -7, 13, 1, 5, -11, -8], [-8, 13, -14, 4, -6, 1], [-7, -8, -4], [10, 2, -1, -8, 12, -14, -3, 6, 7, 9, -4]]",10862,5522,0.6629638671875,8,7.75,"[[-8, -7, -4], [6, 7, 11, -14, -13, -4, -2], [2, 9, 12, -14, -11, -6], [1, 4, 7, 13, -14, -9, -8, -6], [-6, -4]]","[[8, -4, 6], [-13, -12, -3], [12, -3, 7], [3, 14, -1], [-11, -14, 5], [11, -3, 14, -5], [8, 9, 10, 12], [7, -11, -2, -8, -5, -1], [5, 14, -7, -6, -2], [2, 3, 11, -13, -9], [7, 13, -12, -9, -2], [2, 6, 11, 13, -4], [9, 11, -14, -10, -8, -2], [1, 10, 12, -9, -5], [-7, -12, -10, -1], [8, -7, 2, -13], [1, 5, 14, -13, -10, -8], [11, -7, -5, -3, -2], [8, -14, 7, -9], [4]]",0.9744873046875,0.25457763671875,0.25457763671875,0.9744873046875,0.9607169162779278,0.24859619140625,T-,T+,0.9839905219363962,0.8436747504718427,350,100,350,100
"[[-13, 11, 12, -9, -8, -1, 10], [2, -4, 8, 1], [-7, -3, 14, -10, -9, -12, 5, -2, -4, 8, -13], [-8, 11, -14, 6, 12, 9, 4, -1, 3, -2], [-8, 14, 1, 10, 9, -13, -12, 11, -6, -5, 7]]",15200,1184,0.927734375,5,8.6,"[[4, 6, 7, 10, 11, 12, -14, -13, -2, -9, -8, -5, -3, -1], [8, 1, 2, -4]]","[[8, 4, -9], [-12, 7, -9], [10, -3, 7], [-8, 11], [-7], [9], [-11], [-14]]",0.99029541015625,0.0751953125,0.0751953125,0.99029541015625,1.0,0.06549072265625,T-,T+,0.9962850878228758,0.9421404374486648,425,25,425,24
